사업지역,구,동,법정동_전체,사업명_연계,사업유형,공급유형
대구선폐선부지개발사업(각산지구),동구,각산동,대구광역시 동구 각산동,각산지구-대구선폐선부지개발사업,택지분양,분양(자체)
대구선폐선부지개발사업(각산지구),동구,신서동,대구광역시 동구 신서동,각산지구-대구선폐선부지개발사업,택지분양,분양(자체)
대구선폐선부지개발사업(각산지구),동구,동호동,대구광역시 동구 동호동,각산지구-대구선폐선부지개발사업,택지분양,분양(자체)
국가과학산업단지,달성군,구지면 고봉리,대구광역시 달성군 구지면 고봉리,대구국가산업단지개발사업,택지분양,분양(자체)
국가과학산업단지,달성군,구지면 예현리,대구광역시 달성군 구지면 예현리,대구국가산업단지개발사업,택지분양,분양(자체)
국가과학산업단지,달성군,구지면 응암리,대구광역시 달성군 구지면 응암리,대구국가산업단지개발사업,택지분양,분양(자체)
국가과학산업단지,달성군,구지면 창리,대구광역시 달성군 구지면 창리,대구국가산업단지개발사업,택지분양,분양(자체)
국가과학산업단지,달성군,현풍면 대리,대구광역시 달성군 현풍면 대리,대구국가산업단지개발사업,택지분양,분양(자체)
금호워터폴리스산업단지 개발사업,북구,검단동,대구광역시 북구 검단동,금호워터폴리스산업단지 조성사업,택지분양,분양(자체)
다가구매입임대사업(2005년),남구,이천동,대구광역시 남구 이천동,다가구매입임대,다가구임대,임대(자체)
다가구매입임대사업(2005년),남구,대명동,대구광역시 남구 대명동,다가구매입임대,다가구임대,임대(자체)
다가구매입임대사업(2005년),서구,내당동,대구광역시 서구 내당동,다가구매입임대,다가구임대,임대(자체)
다가구매입임대사업(2005년),서구,평리동,대구광역시 서구 평리동,다가구매입임대,다가구임대,임대(자체)
다가구매입임대사업(2005년),북구,복현동,대구광역시 북구 복현동,다가구매입임대,다가구임대,임대(자체)
다가구매입임대사업(2005년),북구,읍내동,대구광역시 북구 읍내동,다가구매입임대,다가구임대,임대(자체)
다가구매입임대사업(2005년),달서구,상인동,대구광역시 달서구 상인동,다가구매입임대,다가구임대,임대(자체)
다가구매입임대사업(2005년),달서구,감삼동,대구광역시 달서구 감삼동,다가구매입임대,다가구임대,임대(자체)
다가구매입임대사업(2005년),수성구,황금동,대구광역시 수성구 황금동,다가구매입임대,다가구임대,임대(자체)
달성2차산업단지 개발사업,달성군,구지면 예현리,대구광역시 달성군 구지면 예현리,달성2차-산업단지개발사업,택지분양,분양(자체)
달성2차산업단지 개발사업,달성군,구지면 내리,대구광역시 달성군 구지면 내리,달성2차-산업단지개발사업,택지분양,분양(자체)
달성2차산업단지 개발사업,달성군,구지면 응암리,대구광역시 달성군 구지면 응암리,달성2차-산업단지개발사업,택지분양,분양(자체)
달성2차산업단지 도로(소로2-구27호선)공사,달성군,구지면 내리,대구광역시 달성군 구지면 내리,달성2차-산업단지개발사업,택지분양,분양(자체)
달성2차산업단지하수도(낙동강방류)설치공사,달성군,구지면 내리,대구광역시 달성군 구지면 내리,달성2차-산업단지개발사업,택지분양,분양(자체)
대구경북과학기술원 학위과정부지 조성사업,달성군,현풍면 상리,대구광역시 달성군 현풍면 상리,기타 개발사업,기타,기타
대구경북과학기술원 학위과정부지 조성사업,달성군,현풍면 부리,대구광역시 달성군 현풍면 부리,기타 개발사업,기타,기타
대구경북과학기술원 학위과정부지 조성사업,달성군,유가면 쌍계리,대구광역시 달성군 유가면 쌍계리,기타 개발사업,기타,기타
4차순환도로 건설공사,달성군,다사읍 죽곡리,대구광역시 달성군 다사읍 죽곡리,기타 개발사업,기타,기타
4차순환선,달성군,다사읍 매곡리,대구광역시 달성군 다사읍 매곡리,기타 개발사업,기타,기타
대구선폐선부지개발사업(동촌지구),동구,검사동,대구광역시 동구 검사동,동촌지구-대구선폐선부지개발사업,택지분양,분양(자체)
대구선폐선부지개발사업(동촌지구),동구,입석동,대구광역시 동구 입석동,동촌지구-대구선폐선부지개발사업,택지분양,분양(자체)
광로2-1호선 확장공사(죽곡택지구간),달성군,다사읍 죽곡리,대구광역시 달성군 다사읍 죽곡리,기타 개발사업,기타,기타
삼덕3가지구 주거환경개선사업,중구,삼덕동3가,대구광역시 중구 삼덕동3가,기타 개발사업,기타,기타
성서4차 산업단지(추가매입),달서구,월암동,대구광역시 달서구 월암동,성서4차-산업단지추가매입,택지분양,분양(자체)
성서4차 산업단지(추가매입),달서구,월성동,대구광역시 달서구 월성동,성서4차-산업단지추가매입,택지분양,분양(자체)
성서4차산업단지 잔여지매입,달서구,월암동,대구광역시 달서구 월암동,성서4차-산업단지추가매입,택지분양,분양(자체)
성서4차산업단지 잔여지매입,달서구,대천동,대구광역시 달서구 대천동,성서4차-산업단지추가매입,택지분양,분양(자체)
대구출판산업단지,달서구,장동,대구광역시 달서구 장동,기타 개발사업,기타,기타
대구출판산업단지,달서구,장기동,대구광역시 달서구 장기동,기타 개발사업,기타,기타
대구출판산업단지,달서구,월성동,대구광역시 달서구 월성동,기타 개발사업,기타,기타
성서5차첨단산업단지개발사업,달성군,다사읍 세천리,대구광역시 달성군 다사읍 세천리,성서5차-첨단산업단지개발사업,택지분양,분양(자체)
수성의료지구개발사업,수성구,대흥동,대구광역시 수성구 대흥동,수성의료지구 개발사업,택지분양,분양(자체)
수성의료지구개발사업,수성구,노변동,대구광역시 수성구 노변동,수성의료지구 개발사업,택지분양,분양(자체)
수성의료지구개발사업,수성구,시지동,대구광역시 수성구 시지동,수성의료지구 개발사업,택지분양,분양(자체)
수성의료지구개발사업,수성구,삼덕동,대구광역시 수성구 삼덕동,수성의료지구 개발사업,택지분양,분양(자체)
신암2-2지구 주거환경개선사업,동구,신암동,대구광역시 동구 신암동,신암2-2지구-신암그린,아파트분양,분양(자체)
신암2-3지구 주거환경 개선사업,동구,신암동,대구광역시 동구 신암동,신암2-3지구-신암청아람,아파트분양,분양(자체)
진입도로(중로2-45호선),동구,신암동,대구광역시 동구 신암동,기타 개발사업,기타,기타
연결도로(소로1-104호선),동구,신암동,대구광역시 동구 신암동,기타 개발사업,기타,기타
신천3-1지구주거환경개선사업,동구,신천동,대구광역시 동구 신천동,신천3-1지구-신천청아람,아파트분양,분양(자체)
신천진입도로,동구,신천동,대구광역시 동구 신천동,기타 개발사업,기타,기타
안심뉴타운조성사업,동구,서호동,대구광역시 동구 서호동,안심뉴타운 행복주택 건립사업,행복주택임대,임대(자체)
안심뉴타운조성사업,동구,각산동,대구광역시 동구 각산동,안심뉴타운 행복주택 건립사업,행복주택임대,임대(자체)
안심뉴타운조성사업,동구,신기동,대구광역시 동구 신기동,안심뉴타운 행복주택 건립사업,행복주택임대,임대(자체)
안심뉴타운조성사업,동구,율하동,대구광역시 동구 율하동,안심뉴타운 행복주택 건립사업,행복주택임대,임대(자체)
안심뉴타운조성사업,동구,율암동,대구광역시 동구 율암동,안심뉴타운 행복주택 건립사업,행복주택임대,임대(자체)
죽곡2지구 택지개발사업,달성군,다사읍 죽곡리,대구광역시 달성군 다사읍 죽곡리,죽곡2지구-택지개발사업,택지분양,분양(자체)
죽곡지구 택지개발사업,달성군,다사읍 죽곡리,대구광역시 달성군 다사읍 죽곡리,죽곡지구-택지개발사업,택지분양,분양(자체)
죽곡지구 택지개발사업,달성군,다사읍 매곡리,대구광역시 달성군 다사읍 매곡리,죽곡지구-택지개발사업,택지분양,분양(자체)
ITS기반 지능형자동차 부품시험장 도시계획시설사업,달성군,구지면 수리리,대구광역시 달성군 구지면 수리리,지능형자동차부품시험장,택지분양,분양(대행)
ITS기반 지능형자동차 부품시험장 도시계획시설사업,달성군,구지면 화산리,대구광역시 달성군 구지면 화산리,지능형자동차부품시험장,택지분양,분양(대행)
ITS기반 지능형자동차 부품시험장 도시계획시설사업,달성군,구지면 창리,대구광역시 달성군 구지면 창리,지능형자동차부품시험장,택지분양,분양(대행)
엑스코 제2전시장 건립(대구전시컨벤션센터),북구,산격동,대구광역시 북구 산격동,엑스코 제2전시장 건립(대구전시컨벤션센터),대행사업,분양(대행)
대구대공원개발사업,수성구,삼덕동,대구광역시 수성구 삼덕동,대구대공원개발사업,공원개발,기타
복현지구주거환경개선사업,북구,복현동,대구광역시 북구 복현동,복현지구주거환경개선사업,아파트분양,분양(자체)
장기미집행공원 조성사업,달서구,성당동,대구광역시 달서구 성당동,장기미집행공원 조성사업,대행사업,기타
장기미집행공원 조성사업,달서구,두류동,대구광역시 달서구 두류동,장기미집행공원 조성사업,대행사업,기타
장기미집행공원 조성사업,달서구,월성동,대구광역시 달서구 월성동,장기미집행공원 조성사업,대행사업,기타
장기미집행공원 조성사업,달서구,본동,대구광역시 달서구 본동,장기미집행공원 조성사업,대행사업,기타
장기미집행공원 조성사업,남구,봉덕동,대구광역시 남구 봉덕동,장기미집행공원 조성사업,대행사업,기타
장기미집행공원 조성사업,남구,대명동,대구광역시 남구 대명동,장기미집행공원 조성사업,대행사업,기타
장기미집행공원 조성사업,달서구,송현동,대구광역시 달서구 송현동,장기미집행공원 조성사업,대행사업,기타
장기미집행공원 조성사업,달성군,화원읍 천내리,대구광역시 달성군 화원읍 천내리,장기미집행공원 조성사업,대행사업,기타
장기미집행공원 조성사업,달성군,화원읍 구라리,대구광역시 달성군 화원읍 구라리,장기미집행공원 조성사업,대행사업,기타
장기미집행공원 조성사업,달서구,장기동,대구광역시 달서구 장기동,장기미집행공원 조성사업,대행사업,기타
장기미집행공원 조성사업,달서구,장동,대구광역시 달서구 장동,장기미집행공원 조성사업,대행사업,기타
장기미집행공원 조성사업,북구,산격동,대구광역시 북구 산격동,장기미집행공원 조성사업,대행사업,기타
장기미집행공원 조성사업,동구,신암동,대구광역시 동구 신암동,장기미집행공원 조성사업,대행사업,기타
장기미집행공원 조성사업,서구,중리동,대구광역시 서구 중리동,장기미집행공원 조성사업,대행사업,기타
장기미집행공원 조성사업,동구,효목동,대구광역시 동구 효목동,장기미집행공원 조성사업,대행사업,기타
장기미집행공원 조성사업,동구,불로동,대구광역시 동구 불로동,장기미집행공원 조성사업,대행사업,기타
장기미집행공원 조성사업,동구,봉무동,대구광역시 동구 봉무동,장기미집행공원 조성사업,대행사업,기타
장기미집행공원 조성사업,달성군,논공읍 남리,대구광역시 달성군 논공읍 남리,장기미집행공원 조성사업,대행사업,기타
장기미집행공원 조성사업,달성군,논공읍 북리,대구광역시 달성군 논공읍 북리,장기미집행공원 조성사업,대행사업,기타
장기미집행공원 조성사업,달성군,구지면 창리,대구광역시 달성군 구지면 창리,장기미집행공원 조성사업,대행사업,기타
장기미집행공원 조성사업,달성군,현풍면 성하리,대구광역시 달성군 현풍면 성하리,장기미집행공원 조성사업,대행사업,기타
장기미집행공원 조성사업,동구,도동,대구광역시 동구 도동,장기미집행공원 조성사업,대행사업,기타
장기미집행공원 조성사업,북구,산격동(대불공원),대구광역시 북구 산격동(대불공원),장기미집행공원 조성사업,대행사업,기타
장기미집행공원 조성사업,북구,산격동(연암공원),대구광역시 북구 산격동(연암공원),장기미집행공원 조성사업,대행사업,기타
장기미집행공원 조성사업,달서구,송현동(송현공원),대구광역시 달서구 송현동(송현공원),장기미집행공원 조성사업,대행사업,기타
장기미집행공원 조성사업,달서구,송현동(앞산공원),대구광역시 달서구 송현동(앞산공원),장기미집행공원 조성사업,대행사업,기타
장기미집행공원 조성사업,달서구,장동(장동공원),대구광역시 달서구 장동(장동공원),장기미집행공원 조성사업,대행사업,기타
장기미집행공원 조성사업,달서구,장동(장기공원),대구광역시 달서구 장동(장기공원),장기미집행공원 조성사업,대행사업,기타
장기미집행공원 조성사업,달서구,송현동(학산공원),대구광역시 달서구 송현동(학산공원),장기미집행공원 조성사업,대행사업,기타
장기미집행공원 조성사업,달서구,상인동,대구광역시 달서구 상인동,장기미집행공원 조성사업,대행사업,기타
장기미집행공원 조성사업,달서구,장기동(장기추가),대구광역시 달서구 장기동(장기추가),장기미집행공원 조성사업,대행사업,기타
장기미집행공원 조성사업,달서구,장동(장기기존),대구광역시 달서구 장동(장기기존),장기미집행공원 조성사업,대행사업,기타
벌마마을 개발사업,북구,노원동3가,대구광역시 북구 노원동3가,벌마마을 개발사업,택지분양,분양(자체)
제3산단 보상 수탁사업,북구,노원동3가,대구광역시 북구 노원동3가,제3산단 보상 수탁사업,대행사업,기타
