사업코드,사업명,사업유형,사업지구,사용여부,공급유형,등록자번호,등록일시,수정자번호,수정일시
2001723,서대구미래비지니스발전소건립사업,기타,서대구미래비지니스발전소건립사업,Y,기타,20040174,2018-10-16 14:24,20040174,2018-10-16 14:54
1931324,국민임대사업,국민임대,국민임대주택,Y,임대(자체),20110227,2016-10-13 13:55,20040174,2017-07-28 17:52
1951720,대구대공원개발사업,공원개발,대구대공원,Y,기타,20040174,2017-09-12 18:01,20040174,2018-07-24 14:47
2061326,행복주택사업,행복주택임대,행복주택사업,Y,임대(자체),20190291,2021-06-17 11:36,20190291,2021-06-17 11:37
2091113,대구대공원 아파트 건립사업(A3),아파트분양,대구대공원 공동주택 건립사업(A3),Y,분양(자체),20160249,2021-10-22 10:14,20160249,2021-10-22 11:23
1591326,안심뉴타운 행복주택 건립사업,행복주택임대,안심뉴타운,Y,임대(자체),20170256,2023-02-13 11:09,20170256,2023-02-13 11:10
1921111,율하도시첨단산업단지 조성사업,택지분양,율하지구,Y,분양(자체),99999992,2016-09-26 10:46,20040174,2016-12-16 16:24
1591324,안심뉴타운청아람 건립사업,국민임대,안심뉴타운,Y,임대(자체),20040174,2017-10-13 14:29,20040174,2017-11-02 10:13
1981111,식품클러스터 개발사업,택지분양,식품클러스터 개발사업,Y,분양(자체),20040174,2018-10-11 14:10,20040174,2018-10-18 15:49
1991113,복현지구주거환경개선사업,아파트분양,복현지구주거환경개선사업,Y,분양(자체),20040174,2018-10-16 14:22,20040174,2018-10-16 14:54
2011725,장기미집행공원 조성사업,대행사업,장기미집행공원 사업,Y,기타,20190291,2019-10-14 14:28,20190291,2019-10-14 14:29
2021326,원대동 행복주택사업,행복주택임대,원대동 행복주택사업,Y,임대(자체),20190291,2019-10-29 18:08,99999992,2020-01-02 10:59
1321723,본사공통,기타,본사공통,Y,기타,구분회계코드,2016-08-02 9:44,구분회계코드,2016-08-02 9:44
1281521,레포츠센터,레포츠센터,레포츠센터,Y,레포츠센터,구분회계코드,2016-08-02 9:44,구분회계코드,2016-08-02 9:44
1881111,토지분양기타,택지분양,토지분양기타,Y,분양(자체),구분회계코드,2016-08-02 9:44,구분회계코드,2016-08-02 9:44
1701113,주택분양기타,아파트분양,주택분양기타,Y,분양(자체),구분회계코드,2016-08-02 9:44,구분회계코드,2016-08-02 9:44
1651319,임대기타,기타임대,임대기타,Y,임대(자체),구분회계코드,2016-08-02 9:44,구분회계코드,2016-08-02 9:44
9991723,기타,기타,기타,Y,기타,구분회계코드,2016-08-02 9:44,99999992,2016-12-09 11:23
1131317,다가구매입임대,다가구임대,다가구매입임대,Y,임대(자체),구분회계코드,2016-08-02 9:44,구분회계코드,2016-08-02 9:44
1841622,체육시설사업,체육시설,체육시설사업,Y,체육시설,구분회계코드,2016-08-02 9:44,구분회계코드,2016-08-02 9:44
1311111,범물지구-택지개발사업,택지분양,범물지구,Y,분양(자체),구분회계코드,2016-08-02 9:44,구분회계코드,2016-08-02 9:44
1681111,장기지구-택지개발사업,택지분양,장기지구,Y,분양(자체),구분회계코드,2016-08-02 9:44,구분회계코드,2016-08-02 9:44
1911111,화원지구-도시개발사업,택지분양,화원지구,Y,분양(자체),구분회계코드,2016-08-02 9:44,구분회계코드,2016-08-02 9:44
1421111,성서4차-산업단지추가매입,택지분양,성서4차산업단지,Y,분양(자체),구분회계코드,2016-08-02 9:44,구분회계코드,2016-08-02 9:44
1081111,금호워터폴리스산업단지 조성사업,택지분양,금호워터폴리스,Y,분양(자체),구분회계코드,2016-08-02 9:44,20160244,2017-01-17 16:28
1821113,지산4단지아파트,아파트분양,지산4단지,Y,분양(자체),구분회계코드,2016-08-02 9:44,구분회계코드,2016-08-02 9:44
1781211,지능형자동차부품시험장,택지분양,지능형자동차부품시험장,Y,분양(대행),구분회계코드,2016-08-02 9:44,구분회계코드,2016-08-02 9:44
1601316,영구임대사업,영구임대,영구임대사업,Y,임대(자체),구분회계코드,2016-08-02 9:44,구분회계코드,2016-08-02 9:44
1511113,시지4단지아파트-청솔타운,아파트분양,시지4단지,Y,분양(자체),구분회계코드,2016-08-02 9:44,구분회계코드,2016-08-02 9:44
1111113,노변-목련아파트,아파트분양,노변목련아파트,Y,분양(자체),구분회계코드,2016-08-02 9:44,90161202,2016-08-03 10:40
1621113,용산파크타운,아파트분양,용산파크타운,Y,분양(자체),구분회계코드,2016-08-02 9:44,구분회계코드,2016-08-02 9:44
1661113,장기누림타운,아파트분양,장기누림타운,Y,분양(자체),구분회계코드,2016-08-02 9:44,구분회계코드,2016-08-02 9:44
1381113,서변그린타운,아파트분양,서변그린타운,Y,분양(자체),구분회계코드,2016-08-02 9:44,구분회계코드,2016-08-02 9:44
1401113,선수촌(분양)-선수촌1단지,아파트분양,선수촌1단지,Y,분양(자체),구분회계코드,2016-08-02 9:44,구분회계코드,2016-08-02 9:44
1411113,선수촌(임대)-선수촌2단지,아파트분양,선수촌2단지,Y,분양(자체),구분회계코드,2016-08-02 9:44,구분회계코드,2016-08-02 9:44
1901113,학정청아람,아파트분양,학정청아람,Y,분양(자체),구분회계코드,2016-08-02 9:44,구분회계코드,2016-08-02 9:44
1221113,대실역 청아람1단지,아파트분양,대실역청아람1단지,Y,분양(자체),구분회계코드,2016-08-02 9:44,20160242,2017-04-07 11:44
1231113,대실역 청아람2단지,아파트분양,대실역청아람2단지,Y,분양(자체),구분회계코드,2016-08-02 9:44,20160242,2017-04-07 11:44
1031113,강나루타운,아파트분양,강나루타운,Y,분양(자체),구분회계코드,2016-08-02 9:44,구분회계코드,2016-08-02 9:44
1721113,죽곡청아람리슈빌 4단지,아파트분양,죽곡2지구B2블럭,Y,분양(자체),구분회계코드,2016-08-02 9:44,20160242,2017-04-07 11:44
1731113,죽곡청아람리슈빌 3단지,아파트분양,죽곡2지구B3블럭,Y,분양(자체),구분회계코드,2016-08-02 9:44,20160242,2017-04-07 11:44
1741113,죽곡청아람푸르지오 2단지,아파트분양,죽곡2지구B4블럭,Y,분양(자체),구분회계코드,2016-08-02 9:44,20160242,2017-04-07 11:44
1151315,달성2차 청아람,장기임대,달성2차산업단지2블럭,Y,임대(자체),구분회계코드,2016-08-02 9:44,20160242,2017-04-07 11:17
1761113,죽곡청아람푸르지오 1단지,아파트분양,죽곡지구44블럭,Y,분양(자체),구분회계코드,2016-08-02 9:44,20160242,2017-04-07 11:44
1361316,상인비둘기아파트,영구임대,상인비둘기아파트,Y,임대(자체),구분회계코드,2016-08-02 9:44,구분회계코드,2016-08-02 9:44
1431113,성서5차-공동주택건립사업,아파트분양,성서5차공동주택,Y,분양(자체),구분회계코드,2016-08-02 9:44,구분회계코드,2016-08-02 9:44
1161113,과학마을 청아람,아파트분양,달성2차청아람2단지,Y,분양(자체),구분회계코드,2016-08-02 9:44,20160242,2017-04-07 11:44
1771113,죽곡청아람 5단지,아파트분양,죽곡청아람5단지,Y,분양(자체),구분회계코드,2016-08-02 9:44,20160242,2017-04-07 11:47
1191314,대명동행복주택,기타분양,대명동행복주택,Y,임대(자체),구분회계코드,2016-08-02 9:44,구분회계코드,2016-08-02 9:44
1471113,수성알파시티청아람 건립사업,아파트분양,수성의료지구공동주택,Y,분양(자체),구분회계코드,2016-08-02 9:44,20040174,2016-12-09 13:19
1861113,침산2지구,아파트분양,침산2지구,Y,분양(자체),구분회계코드,2016-08-02 9:44,구분회계코드,2016-08-02 9:44
1101316,남산4지구-까치아파트,영구임대,남산4지구,Y,임대(자체),구분회계코드,2016-08-02 9:44,90161202,2016-08-03 10:39
1531316,신암2-1지구-강남아파트,영구임대,신암2-1지구,Y,임대(자체),구분회계코드,2016-08-02 9:44,구분회계코드,2016-08-02 9:44
1631113,이천2-1지구-이천강변타운,아파트분양,이천2-1지구,Y,분양(자체),구분회계코드,2016-08-02 9:44,구분회계코드,2016-08-02 9:44
1871113,침산3지구,아파트분양,침산3지구,Y,분양(자체),구분회계코드,2016-08-02 9:44,구분회계코드,2016-08-02 9:44
1561113,신천2-1지구-신천가람타운,아파트분양,신천2-1지구,Y,분양(자체),구분회계코드,2016-08-02 9:44,구분회계코드,2016-08-02 9:44
1261113,동인1지구-동인시티타운,아파트분양,동인1지구,Y,분양(자체),구분회계코드,2016-08-02 9:44,구분회계코드,2016-08-02 9:44
1331113,삼덕청아람리슈빌 ,아파트분양,삼덕3주거환경개선,Y,분양(자체),구분회계코드,2016-08-02 9:44,20040174,2017-11-14 17:13
1541113,신암2-2지구-신암그린,아파트분양,신암2-2지구,Y,분양(자체),구분회계코드,2016-08-02 9:44,구분회계코드,2016-08-02 9:44
1091113,남산4-2지구-남산그린,아파트분양,남산4-2지구,Y,분양(자체),구분회계코드,2016-08-02 9:44,구분회계코드,2016-08-02 9:44
1451113,수성1가-수성그린,아파트분양,수성1가,Y,분양(자체),구분회계코드,2016-08-02 9:44,구분회계코드,2016-08-02 9:44
1551113,신암2-3지구-신암청아람,아파트분양,신암2-3지구,Y,분양(자체),구분회계코드,2016-08-02 9:44,구분회계코드,2016-08-02 9:44
1581113,신천3-1지구-신천청아람,아파트분양,신천3-1지구,Y,분양(자체),구분회계코드,2016-08-02 9:44,구분회계코드,2016-08-02 9:44
1851113,침산1지구,아파트분양,침산1지구,Y,분양(자체),구분회계코드,2016-08-02 9:44,구분회계코드,2016-08-02 9:44
1041113,고성지구,아파트분양,고성지구,Y,분양(자체),구분회계코드,2016-08-02 9:44,구분회계코드,2016-08-02 9:44
1571113,신천2지구,아파트분양,신천2지구,Y,분양(자체),구분회계코드,2016-08-02 9:44,구분회계코드,2016-08-02 9:44
1341113,삼덕빌라,아파트분양,삼덕빌라,Y,분양(자체),구분회계코드,2016-08-02 9:44,구분회계코드,2016-08-02 9:44
1201113,대봉지구,아파트분양,대봉지구,Y,분양(자체),구분회계코드,2016-08-02 9:44,구분회계코드,2016-08-02 9:44
1211113,대봉지구-주거환경개선사업,아파트분양,대봉지구주거환경개선,N,분양(자체),구분회계코드,2016-08-02 9:44,구분회계코드,2016-08-02 9:44
1051720,공원개발사업,공원개발,공원,Y,기타,구분회계코드,2016-08-02 9:44,구분회계코드,2016-08-02 9:44
1071723,국공유지 및 잔여지관리사업,기타,국공유지및잔여지,Y,기타,구분회계코드,2016-08-02 9:44,구분회계코드,2016-08-02 9:44
1241723,도로개설사업,기타,도로개설사업,Y,기타,구분회계코드,2016-08-02 9:44,구분회계코드,2016-08-02 9:44
1831111,지산지구-택지개발사업,택지분양,지산지구,Y,분양(자체),구분회계코드,2016-08-02 9:44,구분회계코드,2016-08-02 9:44
1171211,대구경북과학기술연구원-학위과정부지개발사업,택지분양,대구경북과학기술연구원,Y,분양(대행),구분회계코드,2016-08-02 9:44,구분회계코드,2016-08-02 9:44
1371111,상인지구-택지개발사업,택지분양,상인지구,Y,분양(자체),구분회계코드,2016-08-02 9:44,구분회계코드,2016-08-02 9:44
1521111,시지지구-택지개발사업,택지분양,시지지구,Y,분양(자체),구분회계코드,2016-08-02 9:44,구분회계코드,2016-08-02 9:44
1121111,노변지구-택지개발사업,택지분양,노변지구,Y,분양(자체),구분회계코드,2016-08-02 9:44,구분회계코드,2016-08-02 9:44
1611111,용산지구-택지개발사업,택지분양,용산지구,Y,분양(자체),구분회계코드,2016-08-02 9:44,구분회계코드,2016-08-02 9:44
1251111,동서변지구-택지개발사업,택지분양,동서변지구,Y,분양(자체),구분회계코드,2016-08-02 9:44,구분회계코드,2016-08-02 9:44
1891111,학정지구-구획정리사업,택지분양,학정지구,Y,분양(자체),구분회계코드,2016-08-02 9:44,구분회계코드,2016-08-02 9:44
1751111,죽곡지구-택지개발사업,택지분양,죽곡지구,Y,분양(자체),구분회계코드,2016-08-02 9:44,구분회계코드,2016-08-02 9:44
1711111,죽곡2지구-택지개발사업,택지분양,죽곡2지구,Y,분양(자체),구분회계코드,2016-08-02 9:44,구분회계코드,2016-08-02 9:44
1391111,서재지구,택지분양,서재지구,Y,분양(자체),구분회계코드,2016-08-02 9:44,구분회계코드,2016-08-02 9:44
1291111,미관지구,택지분양,미관지구,Y,분양(자체),구분회계코드,2016-08-02 9:44,구분회계코드,2016-08-02 9:44
1141111,달성2차-산업단지개발사업,택지분양,달성2차산업단지,Y,분양(자체),구분회계코드,2016-08-02 9:44,구분회계코드,2016-08-02 9:44
1351111,삼성상용차-부지재개발,택지분양,삼성상용차부지,Y,분양(자체),구분회계코드,2016-08-02 9:44,구분회계코드,2016-08-02 9:44
1441111,성서5차-첨단산업단지개발사업,택지분양,성서5차첨단산업단지,Y,분양(자체),구분회계코드,2016-08-02 9:44,구분회계코드,2016-08-02 9:44
1181111,대구출판문화산업단지,택지분양,대구출판문화산업단지,Y,분양(자체),구분회계코드,2016-08-02 9:44,구분회계코드,2016-08-02 9:44
1061111,대구국가산업단지개발사업,택지분양,국가과학산업단지,Y,분양(자체),구분회계코드,2016-08-02 9:44,20160244,2017-01-17 16:34
1791113,지산1단지아파트,아파트분양,지산1단지,Y,분양(자체),구분회계코드,2016-08-02 9:44,구분회계코드,2016-08-02 9:44
1801113,지산2단지아파트,아파트분양,지산2단지,Y,분양(자체),구분회계코드,2016-08-02 9:44,구분회계코드,2016-08-02 9:44
1811113,지산3단지아파트,아파트분양,지산3단지,Y,분양(자체),구분회계코드,2016-08-02 9:44,구분회계코드,2016-08-02 9:44
1301113,범물1단지아파트,아파트분양,범물1단지아파트,Y,분양(자체),구분회계코드,2016-08-02 9:44,구분회계코드,2016-08-02 9:44
1481113,시지1단지아파트-하나타운,아파트분양,시지1단지,Y,분양(자체),구분회계코드,2016-08-02 9:44,구분회계코드,2016-08-02 9:44
1491113,시지2단지아파트-누리타운,아파트분양,시지2단지,Y,분양(자체),구분회계코드,2016-08-02 9:44,구분회계코드,2016-08-02 9:44
1501113,시지3단지아파트-두레타운,아파트분양,시지3단지,Y,분양(자체),구분회계코드,2016-08-02 9:44,구분회계코드,2016-08-02 9:44
1461111,수성의료지구 개발사업,택지분양,수성의료지구,Y,분양(자체),구분회계코드,2016-08-02 9:44,20040174,2016-12-16 16:03
1271111,동촌지구-대구선폐선부지개발사업,택지분양,동촌지구,Y,분양(자체),구분회계코드,2016-08-02 9:44,구분회계코드,2016-08-02 9:44
1021111,각산지구-대구선폐선부지개발사업,택지분양,각산지구,Y,분양(자체),구분회계코드,2016-08-02 9:44,구분회계코드,2016-08-02 9:44
1591111,안심뉴타운개발사업,택지분양,안심뉴타운,Y,분양(자체),구분회계코드,2016-08-02 9:44,20040174,2016-12-16 15:59
1691318,전세임대사업,전세임대,전세임대사업,Y,임대(자체),구분회계코드,2016-08-02 9:44,구분회계코드,2016-08-02 9:44
1671315,장기임대사업,장기임대,장기임대사업,Y,임대(자체),구분회계코드,2016-08-02 9:44,구분회계코드,2016-08-02 9:44
1641319,임대공통,기타임대,임대공통,Y,임대(자체),구분회계코드,2016-08-02 9:44,구분회계코드,2016-08-02 9:44
1461723,수성알파시티 스마트비지니스센터 건립사업,기타,수성의료지구,N,기타,20040174,2017-10-13 15:38,20040174,2017-11-02 14:32
1941225,엑스코 제2전시장 건립(대구전시컨벤션센터),대행사업,엑스코확장사업,Y,분양(대행),20040174,2017-10-23 14:29,99999992,2018-04-16 9:50
1961723,소규모도시재생사업,기타,소규모도시재생사업,Y,기타,20040174,2017-11-02 14:27,20040174,2017-11-02 14:33
1971723,수성스마트시티 구축사업,기타,수성스마트시티 구축사업,Y,기타,20040174,2017-11-02 15:06,20040174,2017-11-02 15:15
2041326,송현동 행복주택 건립사업,행복주택임대,송현동 행복주택 건립사업,Y,임대(자체),20190291,2021-05-13 13:49,20190291,2021-05-13 13:54
2051111,대구형 에너지산업 클러스터 조성사업,택지분양,에너지산업 클러스터 조성사업,Y,분양(자체),20190291,2021-06-02 14:49,20170256,2023-07-14 18:17
2071326,인동촌 행복주택사업,행복주택임대,인동촌 행복주택사업,Y,임대(자체),20160249,2021-10-07 13:55,20160249,2021-10-12 16:33
2111723,주거복지사업,기타,주거복지사업,Y,기타,20150230,2022-11-01 17:03,20150230,2022-11-01 17:03
2121725,금호워터폴리스 진입도로 건설사업,대행사업,금호워터폴리스 진입도로 건설사업,Y,기타,20150230,2022-11-01 17:03,20150230,2022-11-01 17:03
2131111,갈산공원 개발사업,택지분양,갈산공원 개발사업,Y,분양(자체),20150230,2022-11-02 20:54,20150230,2022-11-02 20:54
1591723,안심뉴타운 스마트도시구축사업,기타,안심뉴타운,Y,기타,20170256,2022-11-28 13:00,20170256,2022-11-28 13:00
2161725,제3산단 보상 수탁사업,대행사업,제3산단 보상 수탁사업,Y,기타,20190291,2023-07-20 14:34,20190291,2023-07-20 14:34
2031113,대구대공원 아파트 건립사업(A2),아파트분양,대구대공원 공동주택 건립사업(A2),Y,분양(자체),20190291,2020-05-21 14:43,20160249,2021-10-22 9:36
2081111,벌마마을 개발사업,택지분양,벌마마을 개발사업,Y,분양(자체),20160249,2021-10-12 16:31,20160249,2021-10-12 16:35
2101326,상인3동 통합공공임대주택 건립사업,행복주택임대,상인3동 통합공공임대주택 건립사업,Y,임대(자체),20160249,2022-03-22 9:14,20160249,2022-04-11 10:38
2151327,통합공공임대사업,통합공공임대,통합공공임대사업,Y,임대(자체),20150230,2023-06-08 13:56,20150230,2023-06-08 13:56
