행정기관,총 거주자수,연령구간인구수,0~9세,10~19세,20~29세,30~39세,40~49세,50~59세,60~69세,70~79세,80~89세,90~99세,100세 이상,남 거주자수,연령구간인구수,0~9세,10~19세,20~29세,30~39세,40~49세,50~59세,60~69세,70~79세,80~89세,90~99세,100세 이상,여 거주자수,연령구간인구수,0~9세,10~19세,20~29세,30~39세,40~49세,50~59세,60~69세,70~79세,80~89세,90~99세,100세 이상
대구광역시 중구 동인동,"10,907","10,907",605,644,"1,671","2,289","1,422","1,568","1,262",873,464,107,2,"5,384","5,384",310,326,770,"1,213",769,787,646,375,159,29,0,"5,523","5,523",295,318,901,"1,076",653,781,616,498,305,78,2
대구광역시 중구 삼덕동,"7,433","7,433",387,538,"1,857","1,440","1,049",890,590,428,213,40,1,"3,646","3,646",195,263,890,807,522,446,278,160,70,15,0,"3,787","3,787",192,275,967,633,527,444,312,268,143,25,1
대구광역시 중구 성내1동,"5,461","5,461",131,240,"1,676","1,078",558,597,518,382,232,46,3,"2,595","2,595",71,111,687,587,297,313,268,158,89,12,2,"2,866","2,866",60,129,989,491,261,284,250,224,143,34,1
대구광역시 중구 성내2동,"9,079","9,079",668,536,"1,850","1,758","1,251","1,160",905,619,291,41,0,"4,323","4,323",349,264,717,881,675,586,454,275,109,13,0,"4,756","4,756",319,272,"1,133",877,576,574,451,344,182,28,0
대구광역시 중구 성내3동,"13,568","13,568","2,107","1,082","1,079","3,426","2,498","1,341","1,064",646,292,32,1,"6,737","6,737","1,082",515,515,"1,704","1,354",648,490,305,113,11,0,"6,831","6,831","1,025",567,564,"1,722","1,144",693,574,341,179,21,1
대구광역시 중구 대신동,"7,216","7,216",563,549,580,"1,133","1,096","1,079","1,078",739,353,44,2,"3,474","3,474",302,275,297,561,562,509,507,318,131,12,0,"3,742","3,742",261,274,283,572,534,570,571,421,222,32,2
대구광역시 중구 남산1동,"5,015","5,015",302,347,807,780,696,749,614,433,251,35,1,"2,358","2,358",152,164,356,389,349,371,293,177,101,6,0,"2,657","2,657",150,183,451,391,347,378,321,256,150,29,1
대구광역시 중구 남산2동,"7,349","7,349",737,586,790,"1,422","1,157","1,003",749,572,271,61,1,"3,435","3,435",358,260,343,683,597,488,357,234,102,13,0,"3,914","3,914",379,326,447,739,560,515,392,338,169,48,1
대구광역시 중구 남산3동,"5,771","5,771",288,479,455,652,855,936,930,713,386,77,0,"2,648","2,648",145,262,237,330,425,437,385,290,123,14,0,"3,123","3,123",143,217,218,322,430,499,545,423,263,63,0
대구광역시 중구 남산4동,"15,822","15,822","1,332","1,341","1,387","2,372","2,370","2,484","1,984","1,636",782,127,7,"7,376","7,376",706,685,650,"1,162","1,186","1,182",848,629,288,38,2,"8,446","8,446",626,656,737,"1,210","1,184","1,302","1,136","1,007",494,89,5
대구광역시 중구 대봉1동,"7,600","7,600",521,754,829,976,"1,102","1,277",937,634,482,88,0,"3,497","3,497",266,381,376,457,520,577,448,257,187,28,0,"4,103","4,103",255,373,453,519,582,700,489,377,295,60,0
대구광역시 중구 대봉2동,"5,907","5,907",530,479,594,"1,054",860,"1,032",659,465,209,25,0,"2,795","2,795",267,232,296,523,398,489,293,208,84,5,0,"3,112","3,112",263,247,298,531,462,543,366,257,125,20,0
대구광역시 동구 신암1동,"10,754","10,754",852,634,"1,051","1,544","1,444","1,610","1,580","1,219",726,92,2,"5,326","5,326",461,341,580,789,792,814,750,511,261,27,0,"5,428","5,428",391,293,471,755,652,796,830,708,465,65,2
대구광역시 동구 신암2동,"11,391","11,391",917,977,842,"1,686","1,718","1,796","1,570","1,173",613,98,1,"5,366","5,366",477,526,449,847,848,880,678,436,202,23,0,"6,025","6,025",440,451,393,839,870,916,892,737,411,75,1
대구광역시 동구 신암3동,"11,103","11,103","1,139",724,946,"2,228","1,558","1,545","1,407","1,030",461,64,1,"5,456","5,456",598,391,477,"1,132",817,751,650,435,187,18,0,"5,647","5,647",541,333,469,"1,096",741,794,757,595,274,46,1
대구광역시 동구 신암4동,"18,304","18,304","1,170",887,"2,259","3,586","2,132","2,899","2,829","1,720",726,93,3,"9,009","9,009",580,460,"1,099","1,941","1,133","1,416","1,316",756,278,30,0,"9,295","9,295",590,427,"1,160","1,645",999,"1,483","1,513",964,448,63,3
대구광역시 동구 신암5동,"7,312","7,312",393,398,628,"1,002",875,"1,143","1,361",988,462,61,1,"3,464","3,464",195,189,322,549,457,561,588,416,170,17,0,"3,848","3,848",198,209,306,453,418,582,773,572,292,44,1
대구광역시 동구 신천1.2동,"11,023","11,023",281,628,"1,022","1,186","1,244","1,823","2,119","1,668",927,125,0,"5,091","5,091",141,340,560,617,630,852,941,652,324,34,0,"5,932","5,932",140,288,462,569,614,971,"1,178","1,016",603,91,0
대구광역시 동구 신천3동,"14,459","14,459","1,072","1,247","1,521","2,375","2,187","2,388","1,897","1,119",550,103,0,"7,115","7,115",566,696,774,"1,219","1,110","1,137",907,477,206,23,0,"7,344","7,344",506,551,747,"1,156","1,077","1,251",990,642,344,80,0
대구광역시 동구 신천4동,"12,290","12,290",847,682,"1,695","2,578","1,673","1,745","1,521","1,021",454,73,1,"6,011","6,011",424,376,728,"1,345",898,860,744,439,173,24,0,"6,279","6,279",423,306,967,"1,233",775,885,777,582,281,49,1
대구광역시 동구 효목1동,"11,411","11,411",217,519,"1,079","1,029","1,156","1,883","2,492","1,984",938,112,2,"5,636","5,636",125,290,566,615,644,958,"1,203",837,363,34,1,"5,775","5,775",92,229,513,414,512,925,"1,289","1,147",575,78,1
대구광역시 동구 효목2동,"14,091","14,091",665,938,"1,438","1,875","1,793","2,268","2,485","1,739",755,133,2,"6,654","6,654",338,464,739,"1,007",893,"1,093","1,097",699,284,40,0,"7,437","7,437",327,474,699,868,900,"1,175","1,388","1,040",471,93,2
대구광역시 동구 도평동,"3,381","3,381",66,139,491,298,289,531,727,521,270,49,0,"1,841","1,841",25,83,342,190,170,301,369,244,104,13,0,"1,540","1,540",41,56,149,108,119,230,358,277,166,36,0
대구광역시 동구 불로.봉무동,"19,404","19,404","1,201","2,210","1,762","1,945","3,137","3,387","3,038","1,869",730,123,2,"9,531","9,531",625,"1,106",943,"1,037","1,511","1,679","1,460",858,278,32,2,"9,873","9,873",576,"1,104",819,908,"1,626","1,708","1,578","1,011",452,91,0
대구광역시 동구 지저동,"12,358","12,358",322,623,"1,084","1,224","1,239","2,078","2,958","1,949",782,97,2,"6,104","6,104",163,326,586,712,703,"1,044","1,358",906,283,23,0,"6,254","6,254",159,297,498,512,536,"1,034","1,600","1,043",499,74,2
대구광역시 동구 동촌동,"13,759","13,759",437,752,"1,336","1,535","1,595","2,291","2,858","1,923",915,114,3,"6,928","6,928",213,386,780,888,855,"1,167","1,374",876,355,33,1,"6,831","6,831",224,366,556,647,740,"1,124","1,484","1,047",560,81,2
대구광역시 동구 방촌동,"16,721","16,721",467,"1,016","1,532","1,564","1,720","2,880","3,695","2,464","1,152",225,6,"8,064","8,064",267,538,839,857,910,"1,350","1,715","1,085",433,70,0,"8,657","8,657",200,478,693,707,810,"1,530","1,980","1,379",719,155,6
대구광역시 동구 해안동,"12,974","12,974",369,707,"1,210","1,320","1,362","2,162","2,759","2,022",920,140,3,"6,433","6,433",177,371,667,762,737,"1,122","1,341",886,343,27,0,"6,541","6,541",192,336,543,558,625,"1,040","1,418","1,136",577,113,3
대구광역시 동구 안심1동,"37,134","37,134","1,830","3,430","3,666","3,917","5,299","6,055","6,545","4,320","1,786",280,6,"17,970","17,970",936,"1,791","1,915","2,120","2,645","2,951","3,003","1,903",644,61,1,"19,164","19,164",894,"1,639","1,751","1,797","2,654","3,104","3,542","2,417","1,142",219,5
대구광역시 동구 안심2동,"16,914","16,914","1,176","1,036","1,661","2,713","2,200","3,013","2,764","1,637",608,103,3,"8,433","8,433",596,543,854,"1,460","1,183","1,455","1,353",716,243,30,0,"8,481","8,481",580,493,807,"1,253","1,017","1,558","1,411",921,365,73,3
대구광역시 동구 안심3동,"19,862","19,862","1,342","2,490","2,058","2,557","3,359","3,434","2,168","1,610",730,112,2,"9,602","9,602",691,"1,225","1,064","1,315","1,563","1,749","1,004",670,290,31,0,"10,260","10,260",651,"1,265",994,"1,242","1,796","1,685","1,164",940,440,81,2
대구광역시 동구 안심4동,"26,253","26,253","1,335","2,650","2,957","3,019","3,859","4,828","4,023","2,401","1,028",152,1,"12,813","12,813",686,"1,338","1,527","1,663","1,912","2,312","1,856","1,101",384,33,1,"13,440","13,440",649,"1,312","1,430","1,356","1,947","2,516","2,167","1,300",644,119,0
대구광역시 동구 혁신동,"16,497","16,497","1,566","1,968","1,375","2,860","3,615","2,014","1,659","1,046",343,51,0,"8,087","8,087",841,971,652,"1,419","1,861","1,009",715,473,136,10,0,"8,410","8,410",725,997,723,"1,441","1,754","1,005",944,573,207,41,0
대구광역시 동구 공산동,"19,663","19,663",994,"1,241","1,390","2,051","2,429","3,414","3,826","2,723","1,328",263,4,"9,488","9,488",505,598,756,"1,091","1,214","1,652","1,845","1,279",479,69,0,"10,175","10,175",489,643,634,960,"1,215","1,762","1,981","1,444",849,194,4
대구광역시 서구 내당1동,"14,596","14,596","1,029","1,009","1,563","2,345","2,022","2,421","2,344","1,264",520,78,1,"7,165","7,165",525,519,789,"1,232","1,069","1,127","1,118",565,203,18,0,"7,431","7,431",504,490,774,"1,113",953,"1,294","1,226",699,317,60,1
대구광역시 서구 내당2.3동,"8,012","8,012",151,313,694,712,784,"1,474","1,812","1,358",634,79,1,"3,868","3,868",79,166,372,413,457,767,853,534,212,15,0,"4,144","4,144",72,147,322,299,327,707,959,824,422,64,1
대구광역시 서구 내당4동,"14,121","14,121",293,825,"1,524","1,579","1,569","2,417","2,944","1,994",824,148,4,"6,672","6,672",155,417,754,899,819,"1,133","1,294",863,309,29,0,"7,449","7,449",138,408,770,680,750,"1,284","1,650","1,131",515,119,4
대구광역시 서구 비산1동,"7,772","7,772",133,390,618,647,767,"1,509","1,816","1,286",540,66,0,"3,893","3,893",68,200,350,397,413,808,918,522,203,14,0,"3,879","3,879",65,190,268,250,354,701,898,764,337,52,0
대구광역시 서구 비산2.3동,"7,563","7,563",112,289,526,586,645,"1,310","1,865","1,369",748,111,2,"3,692","3,692",61,158,306,350,370,722,918,534,250,23,0,"3,871","3,871",51,131,220,236,275,588,947,835,498,88,2
대구광역시 서구 비산4동,"8,160","8,160",145,409,690,758,860,"1,465","1,927","1,273",560,72,1,"3,939","3,939",69,207,377,447,480,724,882,543,193,17,0,"4,221","4,221",76,202,313,311,380,741,"1,045",730,367,55,1
대구광역시 서구 비산5동,"4,729","4,729",86,172,319,360,446,805,"1,152",900,427,62,0,"2,384","2,384",46,84,174,218,259,469,599,373,152,10,0,"2,345","2,345",40,88,145,142,187,336,553,527,275,52,0
대구광역시 서구 비산6동,"6,307","6,307",109,263,538,518,593,"1,228","1,579",968,444,65,2,"3,062","3,062",49,139,310,305,307,626,729,423,149,24,1,"3,245","3,245",60,124,228,213,286,602,850,545,295,41,1
대구광역시 서구 비산7동,"8,987","8,987",278,430,797,943,936,"1,692","1,994","1,296",558,61,2,"4,730","4,730",147,205,450,547,516,963,"1,079",590,224,9,0,"4,257","4,257",131,225,347,396,420,729,915,706,334,52,2
대구광역시 서구 평리1동,"6,162","6,162",114,311,510,524,622,"1,107","1,462",982,464,63,3,"3,077","3,077",63,155,276,317,357,597,732,418,152,10,0,"3,085","3,085",51,156,234,207,265,510,730,564,312,53,3
대구광역시 서구 평리2동,"6,836","6,836",249,572,551,629,909,"1,208","1,432",909,342,34,1,"3,288","3,288",127,282,280,340,445,609,665,405,125,10,0,"3,548","3,548",122,290,271,289,464,599,767,504,217,24,1
대구광역시 서구 평리3동,"12,089","12,089",743,765,930,"1,664","1,668","1,893","2,369","1,403",578,74,2,"6,013","6,013",390,371,525,897,879,961,"1,150",615,204,21,0,"6,076","6,076",353,394,405,767,789,932,"1,219",788,374,53,2
대구광역시 서구 평리4동,"15,016","15,016",510,"1,063","1,361","1,611","1,925","2,614","3,196","1,919",707,110,0,"7,474","7,474",273,513,718,929,"1,029","1,317","1,536",871,264,24,0,"7,542","7,542",237,550,643,682,896,"1,297","1,660","1,048",443,86,0
대구광역시 서구 평리5동,"10,456","10,456","1,504",733,769,"2,602","1,704","1,207","1,097",611,207,21,1,"5,231","5,231",764,372,419,"1,310",928,577,502,267,86,6,0,"5,225","5,225",740,361,350,"1,292",776,630,595,344,121,15,1
대구광역시 서구 평리6동,"5,399","5,399",353,278,457,971,637,894,"1,026",568,188,27,0,"2,800","2,800",180,134,239,540,366,463,531,267,76,4,0,"2,599","2,599",173,144,218,431,271,431,495,301,112,23,0
대구광역시 서구 상중이동,"16,923","16,923",535,"1,399","1,569","1,632","2,073","3,011","3,595","2,207",759,140,3,"8,347","8,347",294,705,831,936,"1,076","1,492","1,702","1,008",281,22,0,"8,576","8,576",241,694,738,696,997,"1,519","1,893","1,199",478,118,3
대구광역시 서구 원대동,"9,959","9,959",477,494,863,"1,501","1,193","1,719","1,822","1,262",549,78,1,"4,981","4,981",242,235,419,865,658,900,889,544,207,22,0,"4,978","4,978",235,259,444,636,535,819,933,718,342,56,1
대구광역시 남구 이천동,"14,182","14,182",911,"1,028","1,209","2,000","2,009","2,398","1,954","1,531",960,177,5,"6,634","6,634",463,545,603,"1,022","1,001","1,148",881,597,327,46,1,"7,548","7,548",448,483,606,978,"1,008","1,250","1,073",934,633,131,4
대구광역시 남구 봉덕1동,"7,676","7,676",167,349,813,841,857,"1,386","1,498","1,064",585,113,3,"3,695","3,695",92,173,396,463,450,722,721,450,202,26,0,"3,981","3,981",75,176,417,378,407,664,777,614,383,87,3
대구광역시 남구 봉덕2동,"12,781","12,781",940,"1,039",920,"1,617","1,831","1,983","2,038","1,496",747,167,3,"6,046","6,046",497,506,477,796,896,926,922,672,299,55,0,"6,735","6,735",443,533,443,821,935,"1,057","1,116",824,448,112,3
대구광역시 남구 봉덕3동,"13,971","13,971",425,"1,050","1,355","1,350","1,714","2,411","2,564","1,913",999,188,2,"6,574","6,574",210,537,683,733,809,"1,190","1,158",812,375,67,0,"7,397","7,397",215,513,672,617,905,"1,221","1,406","1,101",624,121,2
대구광역시 남구 대명1동,"9,251","9,251",207,611,"1,139","1,020","1,079","1,561","1,743","1,268",543,78,2,"4,490","4,490",120,322,548,571,556,784,797,559,213,19,1,"4,761","4,761",87,289,591,449,523,777,946,709,330,59,1
대구광역시 남구 대명2동,"15,054","15,054",818,973,"2,503","2,815","1,885","2,119","1,870","1,319",643,108,1,"7,122","7,122",412,449,"1,100","1,533",943,"1,029",874,546,215,21,0,"7,932","7,932",406,524,"1,403","1,282",942,"1,090",996,773,428,87,1
대구광역시 남구 대명3동,"10,834","10,834",306,507,"1,483","1,496","1,168","1,711","1,902","1,476",671,112,2,"5,255","5,255",161,256,694,857,639,875,918,603,227,25,0,"5,579","5,579",145,251,789,639,529,836,984,873,444,87,2
대구광역시 남구 대명4동,"9,073","9,073",202,444,"1,070",854,894,"1,496","1,977","1,404",635,95,2,"4,288","4,288",108,210,481,487,481,744,931,606,218,22,0,"4,785","4,785",94,234,589,367,413,752,"1,046",798,417,73,2
대구광역시 남구 대명5동,"8,678","8,678",517,519,"1,494","1,438","1,054","1,401","1,104",731,355,64,1,"4,097","4,097",265,245,652,722,547,691,514,305,140,16,0,"4,581","4,581",252,274,842,716,507,710,590,426,215,48,1
대구광역시 남구 대명6동,"10,318","10,318",450,584,"1,196","1,378","1,331","1,785","1,734","1,241",516,101,2,"4,931","4,931",232,302,562,748,655,859,797,561,183,31,1,"5,387","5,387",218,282,634,630,676,926,937,680,333,70,1
대구광역시 남구 대명9동,"13,027","13,027",307,698,"1,579","1,591","1,612","2,306","2,347","1,676",791,120,0,"6,286","6,286",170,361,751,850,821,"1,142","1,105",751,300,35,0,"6,741","6,741",137,337,828,741,791,"1,164","1,242",925,491,85,0
대구광역시 남구 대명10동,"7,811","7,811",142,319,914,888,818,"1,246","1,563","1,212",624,83,2,"3,616","3,616",70,180,416,478,407,622,689,516,217,21,0,"4,195","4,195",72,139,498,410,411,624,874,696,407,62,2
대구광역시 남구 대명11동,"7,137","7,137",136,283,612,726,744,"1,172","1,604","1,212",555,92,1,"3,301","3,301",59,147,316,409,371,586,703,492,199,19,0,"3,836","3,836",77,136,296,317,373,586,901,720,356,73,1
대구광역시 북구 고성동,"14,542","14,542","2,077","1,233","1,090","3,865","2,653","1,561","1,051",683,273,56,0,"7,184","7,184","1,057",625,519,"1,909","1,411",795,480,276,94,18,0,"7,358","7,358","1,020",608,571,"1,956","1,242",766,571,407,179,38,0
대구광역시 북구 칠성동,"23,261","23,261","1,519","2,318","2,552","3,552","3,749","3,715","2,888","1,861",936,163,8,"11,047","11,047",768,"1,101","1,187","1,799","1,823","1,808","1,366",814,332,49,0,"12,214","12,214",751,"1,217","1,365","1,753","1,926","1,907","1,522","1,047",604,114,8
대구광역시 북구 침산1동,"3,444","3,444",87,158,253,309,346,588,888,564,209,40,2,"1,824","1,824",46,88,145,189,200,331,471,270,77,7,0,"1,620","1,620",41,70,108,120,146,257,417,294,132,33,2
대구광역시 북구 침산2동,"17,806","17,806","1,391","2,256","1,714","2,356","3,083","2,981","2,095","1,255",585,86,4,"8,496","8,496",698,"1,100",858,"1,170","1,490","1,412",996,518,222,31,1,"9,310","9,310",693,"1,156",856,"1,186","1,593","1,569","1,099",737,363,55,3
대구광역시 북구 침산3동,"17,721","17,721","1,012","1,888","1,697","1,763","2,558","3,311","2,789","1,707",868,128,0,"8,388","8,388",527,942,883,891,"1,193","1,565","1,308",719,327,33,0,"9,333","9,333",485,946,814,872,"1,365","1,746","1,481",988,541,95,0
대구광역시 북구 산격1동,"7,387","7,387",89,283,439,569,625,"1,259","1,851","1,439",735,97,1,"3,585","3,585",48,145,248,336,351,680,938,562,256,21,0,"3,802","3,802",41,138,191,233,274,579,913,877,479,76,1
대구광역시 북구 산격2동,"9,378","9,378",274,672,"1,007",963,"1,011","1,696","2,013","1,149",524,66,3,"4,555","4,555",136,347,541,554,506,799,964,500,193,14,1,"4,823","4,823",138,325,466,409,505,897,"1,049",649,331,52,2
대구광역시 북구 산격3동,"8,371","8,371",127,455,"2,696",936,690,976,"1,148",901,381,60,1,"4,350","4,350",71,209,"1,391",620,419,553,547,395,130,15,0,"4,021","4,021",56,246,"1,305",316,271,423,601,506,251,45,1
대구광역시 북구 산격4동,"6,958","6,958",125,351,808,753,716,"1,174","1,464","1,044",462,61,0,"3,608","3,608",75,191,445,483,436,618,687,467,184,22,0,"3,350","3,350",50,160,363,270,280,556,777,577,278,39,0
대구광역시 북구 대현동,"15,593","15,593",460,"1,061","2,782","1,466","1,781","2,443","2,556","1,868","1,021",154,1,"7,872","7,872",238,535,"1,713",867,916,"1,246","1,182",776,362,37,0,"7,721","7,721",222,526,"1,069",599,865,"1,197","1,374","1,092",659,117,1
대구광역시 북구 복현1동,"7,101","7,101",92,337,"2,648",886,579,902,888,547,193,29,0,"4,011","4,011",51,158,"1,546",623,352,516,428,258,69,10,0,"3,090","3,090",41,179,"1,102",263,227,386,460,289,124,19,0
대구광역시 북구 복현2동,"28,718","28,718","1,644","2,995","3,661","3,734","4,067","4,838","4,489","2,281",860,145,4,"14,203","14,203",836,"1,525","2,096","2,019","2,010","2,218","2,095","1,066",307,31,0,"14,515","14,515",808,"1,470","1,565","1,715","2,057","2,620","2,394","1,215",553,114,4
대구광역시 북구 검단동,"5,399","5,399",116,271,391,546,636,866,"1,234",885,392,62,0,"2,615","2,615",60,151,206,319,343,462,547,383,130,14,0,"2,784","2,784",56,120,185,227,293,404,687,502,262,48,0
대구광역시 북구 무태조야동,"32,525","32,525","1,928","3,230","3,308","3,115","5,028","7,054","4,830","2,810","1,070",150,2,"16,582","16,582","1,007","1,688","1,804","1,661","2,530","3,698","2,436","1,308",422,27,1,"15,943","15,943",921,"1,542","1,504","1,454","2,498","3,356","2,394","1,502",648,123,1
대구광역시 북구 관문동,"32,018","32,018","2,462","3,381","2,636","3,725","5,573","5,574","5,002","2,576",944,141,4,"15,812","15,812","1,230","1,760","1,386","1,895","2,868","2,731","2,403","1,176",340,23,0,"16,206","16,206","1,232","1,621","1,250","1,830","2,705","2,843","2,599","1,400",604,118,4
대구광역시 북구 태전1동,"21,132","21,132",707,"1,621","3,388","2,320","2,362","3,847","3,830","1,991",895,169,2,"10,525","10,525",392,793,"1,767","1,337","1,217","1,899","1,839",932,314,35,0,"10,607","10,607",315,828,"1,621",983,"1,145","1,948","1,991","1,059",581,134,2
대구광역시 북구 태전2동,"21,618","21,618",859,"1,865","2,594","2,328","2,633","4,122","3,996","2,190",899,126,6,"10,490","10,490",433,992,"1,403","1,256","1,326","1,908","1,893",904,345,30,0,"11,128","11,128",426,873,"1,191","1,072","1,307","2,214","2,103","1,286",554,96,6
대구광역시 북구 구암동,"30,265","30,265","1,198","3,477","3,817","2,730","4,042","6,974","4,892","1,956","1,024",150,5,"14,672","14,672",593,"1,768","2,024","1,484","1,845","3,311","2,416",845,358,28,0,"15,593","15,593",605,"1,709","1,793","1,246","2,197","3,663","2,476","1,111",666,122,5
대구광역시 북구 관음동,"13,648","13,648",362,973,"1,433","1,261","1,429","2,836","3,024","1,555",666,107,2,"6,863","6,863",192,511,819,745,732,"1,381","1,498",735,227,23,0,"6,785","6,785",170,462,614,516,697,"1,455","1,526",820,439,84,2
대구광역시 북구 읍내동,"24,651","24,651","1,091","1,963","2,954","2,879","2,795","4,891","4,704","2,176","1,007",187,4,"12,218","12,218",551,"1,046","1,631","1,582","1,403","2,278","2,292","1,018",371,46,0,"12,433","12,433",540,917,"1,323","1,297","1,392","2,613","2,412","1,158",636,141,4
대구광역시 북구 동천동,"24,707","24,707","1,222","2,967","3,264","2,424","3,381","5,962","3,255","1,321",802,107,2,"11,854","11,854",629,"1,552","1,739","1,255","1,473","2,757","1,648",509,259,31,2,"12,853","12,853",593,"1,415","1,525","1,169","1,908","3,205","1,607",812,543,76,0
대구광역시 북구 노원동,"10,958","10,958",456,569,860,"1,425","1,272","1,888","2,365","1,533",534,55,1,"5,620","5,620",248,280,447,803,727,985,"1,192",704,218,15,1,"5,338","5,338",208,289,413,622,545,903,"1,173",829,316,40,0
대구광역시 북구 국우동,"29,262","29,262","1,760","3,290","3,784","3,801","4,445","6,007","3,615","1,607",805,146,2,"14,457","14,457",909,"1,709","1,903","2,014","2,137","2,931","1,893",679,246,36,0,"14,805","14,805",851,"1,581","1,881","1,787","2,308","3,076","1,722",928,559,110,2
대구광역시 수성구 범어1동,"22,626","22,626","2,312","3,186","1,980","2,775","4,278","3,732","2,284","1,320",652,106,1,"10,837","10,837","1,160","1,574",987,"1,276","2,032","1,804","1,131",572,262,39,0,"11,789","11,789","1,152","1,612",993,"1,499","2,246","1,928","1,153",748,390,67,1
대구광역시 수성구 범어2동,"14,943","14,943","1,000","1,677","1,904","1,922","2,379","2,438","1,848","1,107",570,95,3,"7,106","7,106",504,837,895,902,"1,140","1,144",918,495,239,32,0,"7,837","7,837",496,840,"1,009","1,020","1,239","1,294",930,612,331,63,3
대구광역시 수성구 범어3동,"17,032","17,032","1,722","2,260","1,734","2,363","3,179","2,877","1,622",832,372,71,0,"8,112","8,112",881,"1,041",882,"1,083","1,521","1,372",793,364,146,29,0,"8,920","8,920",841,"1,219",852,"1,280","1,658","1,505",829,468,226,42,0
대구광역시 수성구 범어4동,"18,481","18,481","1,346","4,186","1,530","1,047","4,331","3,152","1,468",950,401,70,0,"9,090","9,090",721,"2,218",856,487,"1,912","1,598",713,407,160,18,0,"9,391","9,391",625,"1,968",674,560,"2,419","1,554",755,543,241,52,0
대구광역시 수성구 만촌1동,"20,240","20,240","1,242","1,988","1,990","2,012","2,752","3,633","3,226","2,173","1,036",185,3,"9,801","9,801",650,"1,027","1,102","1,033","1,312","1,686","1,538",989,401,63,0,"10,439","10,439",592,961,888,979,"1,440","1,947","1,688","1,184",635,122,3
대구광역시 수성구 만촌2동,"13,108","13,108",704,"1,710","1,574","1,332","2,121","2,314","1,729","1,066",467,88,3,"6,551","6,551",376,955,841,733,"1,011","1,124",816,490,181,24,0,"6,557","6,557",328,755,733,599,"1,110","1,190",913,576,286,64,3
대구광역시 수성구 만촌3동,"20,601","20,601","1,422","4,040","1,916","1,520","4,443","3,709","1,855","1,110",508,77,1,"10,692","10,692",837,"2,520","1,209",688,"1,994","1,843",914,474,191,21,1,"9,909","9,909",585,"1,520",707,832,"2,449","1,866",941,636,317,56,0
대구광역시 수성구 수성1가동,"16,942","16,942",910,"1,954","1,625","1,551","2,480","3,088","2,360","1,773","1,005",190,6,"7,620","7,620",379,841,829,782,"1,125","1,451","1,083",704,373,52,1,"9,322","9,322",531,"1,113",796,769,"1,355","1,637","1,277","1,069",632,138,5
대구광역시 수성구 수성2.3가동,"10,179","10,179",663,"1,393","1,021",762,"1,619","1,890","1,353",946,464,68,0,"4,947","4,947",325,699,546,372,744,982,655,402,200,22,0,"5,232","5,232",338,694,475,390,875,908,698,544,264,46,0
대구광역시 수성구 수성4가동,"12,832","12,832",432,"1,042","1,410","1,201","1,450","2,603","2,339","1,444",748,156,7,"5,866","5,866",220,495,724,600,635,"1,149","1,071",643,278,50,1,"6,966","6,966",212,547,686,601,815,"1,454","1,268",801,470,106,6
대구광역시 수성구 황금1동,"20,882","20,882","1,582","3,203","1,987","1,685","3,586","3,798","2,736","1,534",624,145,2,"9,979","9,979",786,"1,624","1,091",797,"1,625","1,795","1,291",682,251,37,0,"10,903","10,903",796,"1,579",896,888,"1,961","2,003","1,445",852,373,108,2
대구광역시 수성구 황금2동,"11,700","11,700",698,963,"1,347","1,662","1,754","1,944","1,584","1,159",517,72,0,"5,580","5,580",336,462,650,838,888,956,726,491,212,21,0,"6,120","6,120",362,501,697,824,866,988,858,668,305,51,0
대구광역시 수성구 중동,"14,402","14,402","1,173","1,213","1,397","2,069","2,385","2,403","1,907","1,205",557,93,0,"7,047","7,047",608,633,709,"1,032","1,186","1,195",907,536,218,23,0,"7,355","7,355",565,580,688,"1,037","1,199","1,208","1,000",669,339,70,0
대구광역시 수성구 상동,"13,914","13,914",508,"1,007","1,381","1,469","1,702","2,421","2,601","1,823",834,165,3,"6,748","6,748",275,514,721,815,827,"1,155","1,238",822,342,39,0,"7,166","7,166",233,493,660,654,875,"1,266","1,363","1,001",492,126,3
대구광역시 수성구 파동,"16,981","16,981","1,160","1,258","1,385","2,387","2,577","2,851","2,634","1,819",759,145,6,"8,111","8,111",583,671,746,"1,218","1,257","1,326","1,143",802,327,38,0,"8,870","8,870",577,587,639,"1,169","1,320","1,525","1,491","1,017",432,107,6
대구광역시 수성구 두산동,"14,735","14,735",863,"1,230","1,812","2,163","2,267","2,626","2,137","1,136",416,81,4,"7,116","7,116",453,623,867,"1,096","1,094","1,245","1,041",491,180,25,1,"7,619","7,619",410,607,945,"1,067","1,173","1,381","1,096",645,236,56,3
대구광역시 수성구 지산1동,"18,559","18,559",408,"1,241","2,013","1,883","2,004","3,456","3,638","2,492","1,208",214,2,"8,791","8,791",222,685,"1,118","1,035",989,"1,532","1,639","1,080",431,59,1,"9,768","9,768",186,556,895,848,"1,015","1,924","1,999","1,412",777,155,1
대구광역시 수성구 지산2동,"18,089","18,089",730,"1,516","1,760","1,918","2,219","3,320","3,353","2,154",919,197,3,"8,367","8,367",387,750,909,986,"1,027","1,477","1,463",961,354,52,1,"9,722","9,722",343,766,851,932,"1,192","1,843","1,890","1,193",565,145,2
대구광역시 수성구 범물1동,"9,636","9,636",172,433,650,661,850,"1,484","2,305","1,958",943,177,3,"4,290","4,290",78,217,376,355,445,657,"1,043",805,276,38,0,"5,346","5,346",94,216,274,306,405,827,"1,262","1,153",667,139,3
대구광역시 수성구 범물2동,"15,532","15,532",740,"1,641","1,469","1,542","2,151","2,825","2,823","1,654",574,112,1,"7,418","7,418",382,843,798,804,"1,016","1,284","1,254",783,230,24,0,"8,114","8,114",358,798,671,738,"1,135","1,541","1,569",871,344,88,1
대구광역시 수성구 고산1동,"31,123","31,123","1,735","4,227","3,420","3,035","4,686","6,031","4,619","2,183","1,010",175,2,"14,919","14,919",905,"2,210","1,802","1,528","2,092","2,734","2,202",997,406,41,2,"16,204","16,204",830,"2,017","1,618","1,507","2,594","3,297","2,417","1,186",604,134,0
대구광역시 수성구 고산2동,"25,594","25,594","1,562","2,676","2,833","2,961","3,447","4,817","3,973","2,169",980,171,5,"12,508","12,508",813,"1,391","1,577","1,570","1,605","2,253","1,895",968,378,57,1,"13,086","13,086",749,"1,285","1,256","1,391","1,842","2,564","2,078","1,201",602,114,4
대구광역시 수성구 고산3동,"29,142","29,142","1,215","3,006","3,396","2,861","3,701","6,031","5,004","2,428","1,246",251,3,"13,910","13,910",621,"1,605","1,833","1,490","1,683","2,653","2,460","1,071",424,70,0,"15,232","15,232",594,"1,401","1,563","1,371","2,018","3,378","2,544","1,357",822,181,3
대구광역시 달서구 성당동,"19,984","19,984",740,"1,756","1,721","2,053","2,695","3,392","3,810","2,604","1,048",162,3,"9,640","9,640",364,827,858,"1,117","1,340","1,738","1,797","1,165",404,30,0,"10,344","10,344",376,929,863,936,"1,355","1,654","2,013","1,439",644,132,3
대구광역시 달서구 두류1.2동,"15,577","15,577",662,775,"2,024","2,529","1,840","2,405","2,658","1,744",848,91,1,"7,633","7,633",334,379,925,"1,350","1,005","1,278","1,256",756,333,17,0,"7,944","7,944",328,396,"1,099","1,179",835,"1,127","1,402",988,515,74,1
대구광역시 달서구 두류3동,"8,909","8,909",339,573,"1,000","1,202","1,057","1,488","1,569","1,105",505,70,1,"4,294","4,294",174,302,491,657,534,709,733,484,191,19,0,"4,615","4,615",165,271,509,545,523,779,836,621,314,51,1
대구광역시 달서구 감삼동,"31,097","31,097","2,387","2,925","3,491","4,944","4,729","5,125","4,396","2,245",775,79,1,"15,136","15,136","1,226","1,436","1,750","2,534","2,324","2,398","2,102","1,007",339,19,1,"15,961","15,961","1,161","1,489","1,741","2,410","2,405","2,727","2,294","1,238",436,60,0
대구광역시 달서구 죽전동,"14,298","14,298",690,810,"1,829","2,361","1,727","2,362","2,537","1,402",502,76,2,"7,046","7,046",347,418,900,"1,309",906,"1,128","1,184",655,179,20,0,"7,252","7,252",343,392,929,"1,052",821,"1,234","1,353",747,323,56,2
대구광역시 달서구 장기동,"15,315","15,315",750,"1,286","1,719","1,929","2,042","2,922","2,584","1,449",560,72,2,"7,411","7,411",401,652,907,"1,036","1,025","1,348","1,201",634,187,19,1,"7,904","7,904",349,634,812,893,"1,017","1,574","1,383",815,373,53,1
대구광역시 달서구 용산1동,"27,850","27,850","1,084","2,567","3,498","3,185","3,310","6,084","4,997","2,126",880,117,2,"13,875","13,875",575,"1,304","1,902","1,762","1,595","2,819","2,573",956,358,30,1,"13,975","13,975",509,"1,263","1,596","1,423","1,715","3,265","2,424","1,170",522,87,1
대구광역시 달서구 용산2동,"24,621","24,621",808,"2,048","2,831","2,601","2,980","5,423","5,063","1,941",805,119,2,"12,191","12,191",414,"1,073","1,554","1,460","1,459","2,481","2,538",899,277,36,0,"12,430","12,430",394,975,"1,277","1,141","1,521","2,942","2,525","1,042",528,83,2
대구광역시 달서구 이곡1동,"19,663","19,663",668,"1,556","2,621","2,292","2,235","4,355","3,739","1,465",627,103,2,"9,799","9,799",365,770,"1,458","1,291","1,106","1,982","1,905",669,229,24,0,"9,864","9,864",303,786,"1,163","1,001","1,129","2,373","1,834",796,398,79,2
대구광역시 달서구 이곡2동,"14,081","14,081",437,913,"1,584","1,617","1,638","2,756","3,182","1,408",481,64,1,"7,101","7,101",252,453,868,943,894,"1,283","1,516",693,177,22,0,"6,980","6,980",185,460,716,674,744,"1,473","1,666",715,304,42,1
대구광역시 달서구 신당동,"27,984","27,984",695,"2,038","6,243","2,978","2,630","5,061","4,705","2,393","1,073",166,2,"14,105","14,105",358,945,"3,211","1,821","1,423","2,549","2,387","1,014",365,32,0,"13,879","13,879",337,"1,093","3,032","1,157","1,207","2,512","2,318","1,379",708,134,2
대구광역시 달서구 본리동,"22,832","22,832","1,745","2,354","2,045","3,378","3,700","3,911","3,445","1,632",527,93,2,"11,214","11,214",886,"1,164","1,025","1,792","1,841","1,875","1,611",789,209,21,1,"11,618","11,618",859,"1,190","1,020","1,586","1,859","2,036","1,834",843,318,72,1
대구광역시 달서구 월성1동,"39,431","39,431","3,304","7,344","3,878","3,645","8,155","7,485","3,213","1,695",591,121,0,"19,220","19,220","1,627","3,728","2,109","1,693","3,639","3,825","1,547",780,239,33,0,"20,211","20,211","1,677","3,616","1,769","1,952","4,516","3,660","1,666",915,352,88,0
대구광역시 달서구 월성2동,"13,488","13,488",263,787,"1,070",961,"1,368","2,478","2,854","2,432","1,098",176,1,"6,344","6,344",136,399,594,550,714,"1,215","1,365",973,357,40,1,"7,144","7,144",127,388,476,411,654,"1,263","1,489","1,459",741,136,0
대구광역시 달서구 진천동,"49,321","49,321","2,892","4,791","5,150","5,902","7,031","8,960","8,179","4,366","1,731",316,3,"23,950","23,950","1,494","2,499","2,739","3,124","3,418","4,151","3,820","1,992",640,72,1,"25,371","25,371","1,398","2,292","2,411","2,778","3,613","4,809","4,359","2,374","1,091",244,2
대구광역시 달서구 유천동,"32,868","32,868","4,274","5,738","2,354","4,741","7,486","4,655","2,296",989,302,32,1,"16,257","16,257","2,220","2,912","1,225","2,202","3,616","2,383","1,096",465,130,8,0,"16,611","16,611","2,054","2,826","1,129","2,539","3,870","2,272","1,200",524,172,24,1
대구광역시 달서구 상인1동,"31,869","31,869","1,575","3,523","3,441","3,173","4,108","6,067","5,619","3,022","1,136",203,2,"15,278","15,278",805,"1,901","1,882","1,627","1,889","2,693","2,584","1,393",444,60,0,"16,591","16,591",770,"1,622","1,559","1,546","2,219","3,374","3,035","1,629",692,143,2
대구광역시 달서구 상인2동,"16,708","16,708",651,"1,068","2,135","2,399","1,926","2,736","3,317","1,724",651,99,2,"8,235","8,235",370,569,"1,118","1,400",982,"1,268","1,480",794,228,26,0,"8,473","8,473",281,499,"1,017",999,944,"1,468","1,837",930,423,73,2
대구광역시 달서구 상인3동,"9,451","9,451",128,355,586,656,865,"1,488","2,523","1,931",769,146,4,"4,489","4,489",75,195,324,392,477,728,"1,150",888,232,26,2,"4,962","4,962",53,160,262,264,388,760,"1,373","1,043",537,120,2
대구광역시 달서구 도원동,"30,910","30,910","1,044","2,568","3,002","2,911","3,647","5,801","6,940","3,472","1,286",232,7,"14,688","14,688",540,"1,359","1,586","1,588","1,747","2,560","3,178","1,604",450,73,3,"16,222","16,222",504,"1,209","1,416","1,323","1,900","3,241","3,762","1,868",836,159,4
대구광역시 달서구 송현1동,"15,895","15,895",388,813,"1,777","1,700","1,803","2,877","3,286","2,180",921,147,3,"7,975","7,975",197,417,918,974,993,"1,483","1,588",979,389,37,0,"7,920","7,920",191,396,859,726,810,"1,394","1,698","1,201",532,110,3
대구광역시 달서구 송현2동,"17,601","17,601",670,957,"1,649","2,080","2,063","2,914","3,561","2,420","1,089",197,1,"8,342","8,342",326,460,832,"1,146","1,062","1,399","1,615","1,053",399,50,0,"9,259","9,259",344,497,817,934,"1,001","1,515","1,946","1,367",690,147,1
대구광역시 달서구 본동,"12,946","12,946",485,919,"1,278","1,640","1,705","2,378","2,427","1,414",580,119,1,"6,348","6,348",257,479,654,927,882,"1,195","1,120",619,193,22,0,"6,598","6,598",228,440,624,713,823,"1,183","1,307",795,387,97,1
대구광역시 달성군 화원읍,"45,351","45,351","2,179","3,641","4,523","4,889","5,360","8,804","9,221","4,680","1,765",285,4,"22,319","22,319","1,143","1,869","2,465","2,715","2,691","4,133","4,418","2,136",686,63,0,"23,032","23,032","1,036","1,772","2,058","2,174","2,669","4,671","4,803","2,544","1,079",222,4
대구광역시 달성군 논공읍,"4,125","4,125",173,176,234,403,472,733,987,602,301,43,1,"2,240","2,240",77,99,138,244,285,428,550,305,105,9,0,"1,885","1,885",96,77,96,159,187,305,437,297,196,34,1
대구광역시 달성군 논공읍공단출장소,"10,644","10,644",359,858,"1,010",970,"1,389","2,606","2,108",884,395,64,1,"5,739","5,739",177,446,665,592,735,"1,446","1,151",401,117,9,0,"4,905","4,905",182,412,345,378,654,"1,160",957,483,278,55,1
대구광역시 달성군 다사읍,"51,388","51,388","3,951","6,803","4,623","6,328","9,142","8,540","6,975","3,632","1,207",180,7,"25,241","25,241","2,028","3,456","2,447","3,285","4,406","4,152","3,305","1,634",489,39,0,"26,147","26,147","1,923","3,347","2,176","3,043","4,736","4,388","3,670","1,998",718,141,7
대구광역시 달성군 다사읍서재출장소,"37,352","37,352","4,104","4,540","2,957","5,594","8,028","5,674","4,122","1,726",538,68,1,"18,978","18,978","2,046","2,349","1,605","2,851","4,252","2,864","1,994",808,198,11,0,"18,374","18,374","2,058","2,191","1,352","2,743","3,776","2,810","2,128",918,340,57,1
대구광역시 달성군 유가읍,"31,200","31,200","3,579","4,868","2,435","4,485","7,106","4,254","2,662","1,290",443,78,0,"15,863","15,863","1,782","2,523","1,400","2,281","3,538","2,252","1,283",638,152,14,0,"15,337","15,337","1,797","2,345","1,035","2,204","3,568","2,002","1,379",652,291,64,0
대구광역시 달성군 옥포읍,"22,168","22,168","1,512","1,949","1,428","2,405","3,452","3,583","4,325","2,481",898,134,1,"11,123","11,123",775,"1,023",748,"1,245","1,828","1,766","2,150","1,228",330,29,1,"11,045","11,045",737,926,680,"1,160","1,624","1,817","2,175","1,253",568,105,0
대구광역시 달성군 현풍읍,"20,942","20,942","1,421","1,918","2,294","3,287","3,543","2,866","2,961","1,783",731,137,1,"11,064","11,064",699,961,"1,452","1,961","1,941","1,542","1,468",783,229,28,0,"9,878","9,878",722,957,842,"1,326","1,602","1,324","1,493","1,000",502,109,1
대구광역시 달성군 가창면,"6,720","6,720",164,432,395,364,639,"1,007","1,626","1,281",628,177,7,"3,309","3,309",82,235,224,205,308,541,808,645,226,33,2,"3,411","3,411",82,197,171,159,331,466,818,636,402,144,5
대구광역시 달성군 하빈면,"3,107","3,107",36,92,123,182,197,501,989,560,342,83,2,"1,691","1,691",15,54,76,119,125,286,599,291,106,20,0,"1,416","1,416",21,38,47,63,72,215,390,269,236,63,2
대구광역시 달성군 구지면,"18,791","18,791","2,196","1,853","1,382","3,334","3,790","2,419","2,104","1,101",513,98,1,"9,958","9,958","1,128",933,810,"1,863","2,135","1,295","1,067",536,165,25,1,"8,833","8,833","1,068",920,572,"1,471","1,655","1,124","1,037",565,348,73,0
대구광역시 군위군 ,"22,626","22,626",444,804,916,"1,145","1,619","3,503","6,317","4,664","2,658",553,3,"11,799","11,799",249,447,536,689,923,"1,997","3,503","2,358",968,129,0,"10,827","10,827",195,357,380,456,696,"1,506","2,814","2,306","1,690",424,3
대구광역시 군위군 군위읍,"7,907","7,907",261,535,524,554,824,"1,431","1,764","1,216",657,140,1,"4,119","4,119",146,306,299,324,427,794,956,591,243,33,0,"3,788","3,788",115,229,225,230,397,637,808,625,414,107,1
대구광역시 군위군 소보면,"2,226","2,226",27,31,43,89,138,311,675,505,344,62,1,"1,189","1,189",19,13,29,53,81,193,394,259,126,22,0,"1,037","1,037",8,18,14,36,57,118,281,246,218,40,1
대구광역시 군위군 효령면,"3,663","3,663",59,87,122,183,200,531,"1,130",838,427,86,0,"1,932","1,932",35,40,76,114,119,316,625,436,155,16,0,"1,731","1,731",24,47,46,69,81,215,505,402,272,70,0
대구광역시 군위군 부계면,"2,106","2,106",23,51,64,102,105,342,648,454,264,53,0,"1,112","1,112",14,36,38,67,70,178,368,229,95,17,0,994,994,9,15,26,35,35,164,280,225,169,36,0
대구광역시 군위군 우보면,"1,956","1,956",24,25,62,67,97,269,616,459,275,62,0,"1,012","1,012",11,13,36,38,69,162,336,239,94,14,0,944,944,13,12,26,29,28,107,280,220,181,48,0
대구광역시 군위군 의흥면,"2,240","2,240",24,39,59,80,133,276,661,557,337,74,0,"1,107","1,107",9,16,33,46,77,168,346,272,123,17,0,"1,133","1,133",15,23,26,34,56,108,315,285,214,57,0
대구광역시 군위군 산성면,"1,206","1,206",21,18,19,36,45,174,373,297,178,44,1,618,618,12,10,12,24,29,100,215,146,61,9,0,588,588,9,8,7,12,16,74,158,151,117,35,1
대구광역시 군위군 삼국유사면,"1,322","1,322",5,18,23,34,77,169,450,338,176,32,0,710,710,3,13,13,23,51,86,263,186,71,1,0,612,612,2,5,10,11,26,83,187,152,105,31,0
