학교명,관할구군청,주소,우편번호,전화번호,팩스번호
경북대학교사범대학부설고등학교,중구,"대구광역시 중구 달구벌대로 2178 (대봉동, 경북대학교사범대학부설중.고등학교)",41950,053-231-9400,053-425-7275
강동고등학교,동구,"대구광역시 동구 금강로 65 (신서동, 강동고등학교)",41089,053-231-6310,053-964-1554
경덕여자고등학교,서구,"대구광역시 서구 국채보상로34길 50 (중리동, 경덕여자고등학교)",41838,053-231-7417,053-557-0103
경북고등학교,수성구,"대구광역시 수성구 청호로 300 (황금동,경북고등학교)",42084,053-231-4001,053-766-6055
경북기계공업고등학교,달서구,대구광역시 달서구 월배로 275 (상인동),42748,053-231-8322,053-637-8196
경북여자고등학교,중구,"대구광역시 중구 중앙대로 288 (남산동, 경북여자고등학교)",41963,053-231-7115,053-421-3495
구암고등학교,북구,"대구광역시 북구 태암남로11길 7 (구암동, 구암고등학교)",41465,053-231-4500,053-312-9880
군위고등학교,군위군,대구광역시 군위군 군위읍 군청로 254-6 군위고등학교,43110,054-383-2781,054-382-6695
다사고등학교,달성군,대구광역시 달성군 다사읍 달구벌대로 839 (다사고등학교),42910,053-231-5002,053-593-9897
달성고등학교,서구,"대구광역시 서구 달구벌대로 1725 , 달성고등학교 (내당동)",41857,053-231-4281,053-561-2489
대곡고등학교,달서구,"대구광역시 달서구 도원남로 80 (도원동, 대곡고등학교)",42830,053-231-5668,053-231-5681
대구고등학교,남구,대구광역시 남구 중앙대로 171 (대명동),42416,053-231-4145,053-656-7949
대구공업고등학교,동구,"대구광역시 동구 대현로 135 (신암동, 대구공업고등학교)",41196,053-231-8200,053-959-4456
대구공업고등학교 테크노폴리스 캠퍼스,달성군,"대구광역시 달성군 유가읍 유가길 46 , 대구공업고등학교 테크노폴리스 캠퍼스 (유가읍)",42993,053-235-0661,053-235-0698
대구과학고등학교,수성구,대구광역시 수성구 동대구로 154 대구과학고등학교 (황금2동 613),42110,053-231-7532,053-765-0023
대구과학기술고등학교,서구,"대구광역시 서구 당산로 228 , 대구과학기술고등학교 (내당동,대구과학기술고등학교 )",41855,053-231-9000,053-551-0355
대구국제고등학교,북구,"대구광역시 북구 도남길 77 , 대구국제고등학교 (국우동)",41408,053-235-6597,053-311-6571
대구농업마이스터고등학교,수성구,"대구광역시 수성구 달구벌대로 3170 , 대구농업마이스터고등학교 (노변동)",42257,053-231-8014,053-795-9953
대구상원고등학교,달서구,"대구광역시 달서구 월배로 241 , 대구상원고등학교 (상인동)",42748,053-231-6062,053-231-6179
대구서부고등학교,서구,"대구광역시 서구 국채보상로53길 32 , 대구서부고등학교 (평리동, 서부고등학교)",41775,053-231-4580,053-572-2509
대구소프트웨어마이스터고등학교,달성군,대구광역시 달성군 구지면 창리로11길 93 (구지면),43010,053-231-9226,053-614-0709
대구여자고등학교,수성구,대구광역시 수성구 달구벌대로488길 17 (범어동),42086,053-231-7300,053-741-8463
대구외국어고등학교,달서구,대구광역시 달서구 선원로11길 21 (신당동),42603,053-231-7800,053-592-8007
대구일과학고등학교,동구,"대구광역시 동구 경안로 987 (각산동, 대구일과학고등학교)",41063,053-231-7700,053-963-8015
대구일마이스터고등학교,동구,"대구광역시 동구 효동로 48 (대구일마이스터고, 효목동)",41171,053-231-8811,053-958-3502
대구반도체마이스터고등학교,달서구,"대구광역시 달서구 용산로 113 (장기동, 대구반도체마이스터고등학교)",42686,053-231-8500,053-562-7024
대구제일여자상업고등학교,달서구,대구광역시 달서구 대명천로 120 (본리동),42677,053-231-9299,053-655-2892
대구체육고등학교,북구,대구광역시 북구 칠곡중앙대로136길 29 (동호동),41404,053-231-7900,053-314-8110
대구하이텍고등학교,달서구,"대구광역시 달서구 학산남로 50 (상인동, 대구하이텍공업고등학교)",42748,053-231-8708,053-639-7391
대진고등학교,달서구,"대구광역시 달서구 화암로73길 15 (대곡동, 대진고등학교)",42768,053-231-6592,053-231-6688
도원고등학교,달서구,"대구광역시 달서구 미리샘길 52 , 도원고등학교 (도원동, 도원고등학교)",42838,053-231-6000,053-231-6007
동문고등학교,수성구,"대구광역시 수성구 효행로 17 (만촌동, 동문고등학교)",42064,053-231-6200,053-231-6282
매천고등학교,북구,대구광역시 북구 매전로 70 (태전동) 매천고등학교,41471,053-231-6700,053-231-6757
비슬고등학교,달성군,"대구광역시 달성군 현풍읍 테크노북로 100 (현풍읍, 비슬고등학교)",42995,053-231-9800,053-611-3909
상인고등학교,달서구,"대구광역시 달서구 상인로 24 (상인동, 상인고등학교)",42813,053-231-5160,053-644-8870
성산고등학교,달서구,"대구광역시 달서구 새방로7길 33 , 성산고등학교 (용산동)",42606,053-231-5700,053-584-9177
성서고등학교,달서구,"대구광역시 달서구 선원로 221 (용산동, 성서고등학교)",42606,053-231-4800,053-584-9976
수성고등학교,수성구,"대구광역시 수성구 용학로28길 36 (지산동, 수성고등학교)",42218,053-231-6436,053-783-8150
시지고등학교,수성구,"대구광역시 수성구 신매로 6 (신매동, 시지고등학교)",42283,053-231-4680,053-794-2015
와룡고등학교,달서구,대구광역시 달서구 선원로23북길 20 (이곡동),42604,053-231-5030,053-586-1689
운암고등학교,북구,"대구광역시 북구 학정로 378 (구암동, 운암고등학교)",41428,053-231-5350,053-323-2864
칠성고등학교,북구,"대구광역시 북구 칠성로 13 (칠성동2가, 칠성고등학교)",41586,053-231-6910,053-355-6775
포산고등학교,달성군,"대구광역시 달성군 현풍읍 비슬로 556-13 (현풍읍, 포산고등학교)",43005,053-231-5310,053-616-1295
학남고등학교,북구,대구광역시 북구 학남로 78 (국우동),41420,053-231-5870,053-326-3867
함지고등학교,북구,대구광역시 북구 학정로48길 46 (구암동),41473,053-231-6840,053-314-3507
호산고등학교,달서구,"대구광역시 달서구 달서대로109길 86 (호산동,호산고등학교)",42709,053-231-7100,053-584-9404
화원고등학교,달성군,"대구광역시 달성군 화원읍 비슬로 2458 (화원읍, 화원고등학교)",42957,053-231-5462,053-643-6325
효령고등학교,군위군,"대구광역시 군위군 효령면 중리길 6-25 (효령면,효령중고등학교)",43130,054-380-4622,054-383-1361
강북고등학교,북구,대구광역시 북구 태전로 100 (태전동),41453,053-235-5951,053-323-2460
경명여자고등학교,북구,"대구광역시 북구 칠성로17길 18 (칠성동2가,경명여자중고등학교)",41578,053-235-7200,053-426-0951
경북공업고등학교,중구,대구광역시 중구 남산로 20 (남산동),41972,053-235-8500,053-252-5045
경북여자상업고등학교,남구,대구광역시 남구 명덕로38길 36 (대명동),42410,053-235-9398,053-652-4607
경북예술고등학교,남구,"대구광역시 남구 중앙대로47길 30 (대명동, 경북예술고등학교)",42410,053-235-8299,053-622-4199
경상고등학교,북구,"대구광역시 북구 공항로15길 24 (복현동, 경상고등학교)",41521,053-235-6011,053-384-1814
경상공업고등학교,남구,"대구광역시 남구 대경길 151 (대명동, 경상공업고등학교)",42462,053-235-8800,053-628-2365
경상여자고등학교,북구,"대구광역시 북구 침산남로9길 164 (침산동, 경상여자고등학교)",41547,053-235-8163,053-351-4152
경신고등학교,수성구,"대구광역시 수성구 달구벌대로504길 34 (범어동, 경신고등학교, 경신중학교)",42093,053-233-9600,532339622
경원고등학교,달서구,대구광역시 달서구 새방로 77 (용산동),42606,053-235-5600,053-568-1102
경일여자고등학교,남구,대구광역시 남구 효성로 37 (봉덕동),42507,053-235-7500,053-471-7784
경화여자고등학교,달서구,"대구광역시 달서구 당산로30길 20 (성당동, 경화여자고등학교, 경암중학교)",42654,053-235-7577,053-625-8650
계성고등학교,서구,대구광역시 서구 새방로 171 (상리동),41751,053-235-4159,053-254-4512
능인고등학교,수성구,"대구광역시 수성구 무학로 207 , 능인고등학교 (지산동)",42183,053-235-4420,053-766-6115
달구벌고등학교,동구,"대구광역시 동구 팔공산로2길 16 , 달구벌고등학교 (덕곡동)",41000,053-235-9845,053-981-1350
달서고등학교,달성군,"대구광역시 달성군 하빈면 하빈로 118 (하빈면, 달서고등학교)",42903,053-235-6400,053-583-0445
대건고등학교,달서구,"대구광역시 달서구 월곡로94길 46 , 대건고등학교 (월성동)",42726,053-235-4600,053-635-9628
대구관광고등학교,동구,"대구광역시 동구 동북로71길 37 (신암동,대구관광고등학교)",41182,053-235-9711,053-957-1448
대구남산고등학교,수성구,대구광역시 수성구 신천동로 364 (수성동1가),42129,053-235-6450,053-744-8266
대구동부고등학교,동구,대구광역시 동구 반야월북로 199 (각산동),41074,"053-235-6701,",053-963-7252
대구보건고등학교,달서구,"대구광역시 달서구 두류남길 10 (두류동, 대구보건고등학교, 구남중학교)",42664,053-235-9501,053-626-6462
대구여자상업고등학교,남구,"대구광역시 남구 현충로40길 50 (대명동, 대구여자상업고등학교)",42414,053-235-9190,053-622-7602
대구제일고등학교,서구,"대구광역시 서구 국채보상로 384 (비산동, 경상여중.제일고교)",41804,053-235-6802,053-571-2959
대구중앙고등학교,수성구,"대구광역시 수성구 신천동로 496 , 대구중앙고등학교 (수성동4가)",42000,053-790-0000,053-790-0081
대구혜화여자고등학교,수성구,"대구광역시 수성구 교학로12길 62 (만촌동, 혜화여자고등학교)",42077,053-235-8000,053-754-1250
대륜고등학교,수성구,대구광역시 수성구 달구벌대로 2700 (만촌동),42071,053-756-9501,053-756-9503
대원고등학교,달성군,"대구광역시 달성군 화원읍 비슬로 2658 (화원읍, 대원고등학교)",42964,053-668-1000,053-668-1144
대중금속공업고등학교,북구,"대구광역시 북구 관음로 303-12 , 대중금속공업고등학교 (읍내동)",41400,053-235-9112,053-767-7619
덕원고등학교,수성구,"대구광역시 수성구 욱수길 37 (욱수동,덕원고등학교)",42288,053-235-5346,053-235-5368
상서고등학교,달서구,"대구광역시 달서구 야외음악당로 107 (성당동, 상서고등학교)",42655,053-235-9550,053-626-8109
성광고등학교,북구,"대구광역시 북구 검단로 150 , 성광고등학교 (복현동)",41521,053-235-4785,053-384-0221
성화여자고등학교,북구,"대구광역시 북구 복현로 140 , 성화여자고등학교 (복현동, 성화여자고등학교)",41522,053-235-7680,053-383-2474
송현여자고등학교,달서구,"대구광역시 달서구 송현로 156 , 송현여자고등학교 (송현동, 송현여자중,고등학교)",42738,053-235-7900,053-628-7556
신명고등학교,중구,"대구광역시 중구 국채보상로102길 48 , 신명고등학교 (동산동)",41931,053-235-8440,053-235-8393
심인고등학교,달성군,"대구광역시 달성군 다사읍 대실역남로1길 5 , 심인고등학교 (다사읍)",42919,053-235-5101,053-235-5110
영남고등학교,달서구,"대구광역시 달서구 월곡로 300 , 영남고등학교 (상인동)",42748,053-235-4000,053-638-8085
영남공업고등학교,수성구,"대구광역시 수성구 교학로 96 (만촌동, 영남공업고등학교)",42077,053-235-8600,053-745-2772
영송여자고등학교,북구,"대구광역시 북구 태전로 92 (태전동,영송여자고등학교)",41453,053-235-8170,053-322-3922
영신고등학교,동구,대구광역시 동구 팔공로50길 32 (봉무동),41021,053-235-4700,053-981-0841
영진고등학교,북구,대구광역시 북구 동북로57길 9 (복현동),41529,053-235-5500,053-957-1657
오성고등학교,수성구,"대구 수성구 달구벌대로522길 78 (만촌동,오성고등학교)",42083,053-235-5200,053-755-2475
원화여자고등학교,달서구,"대구광역시 달서구 당산로30길 30 (성당동, 원화여자고등학교, 원화중학교)",42655,053-235-7101,053-652-4042
정동고등학교,동구,"대구광역시 동구 용계로1길 49 , 정동고등학교 (용계동, 정동고등학교)",41124,053-235-5800,053-962-1724
정화여자고등학교,수성구,"대구광역시 수성구 청호로84길 123 , 정화여자고등학교 (범어동)",42083,053-235-7311,053-745-6308
조일고등학교,동구,"대구광역시 동구 신덕로 136-11 , 조일고등학교 (신평동)",41123,053-235-9000,053-962-5846
청구고등학교,동구,대구광역시 동구 국채보상로 827 (신천동),41262,053-235-5000,053-752-3935
현풍고등학교,달성군,"대구광역시 달성군 현풍읍 비슬로 675 (현풍읍, 현풍중.고등학교)",43001,053-235-6249,053-611-5052
협성고등학교,남구,"대구광역시 남구 효성로 33 , 협성고등학교 (봉덕동)",42507,053-235-6166,053-473-1671
효성여자고등학교,달서구,"대구광역시 달서구 월곡로94길 48 , 효성여자고등학교 (월성동)",42726,053-235-7000,053-633-4566
대구남양학교,수성구,"대구광역시 수성구 무학로37안길 6 (지산동, 남양학교)",42184,053-231-3008,053-762-5256
대구성보학교,북구,"대구광역시 북구 동북로71길 9-45 (복현동, 대구성보학교)",41528,053-231-3168,053-943-0556
대구세명학교,달서구,대구광역시 달서구 새방로 62 (용산동),42607,053-231-9560,053-585-2575
대구예아람학교,달성군,"대구광역시 달성군 옥포읍 비슬로 1934 , 대구예아람학교 (옥포읍)",42974,053-235-5223,053-611-5207
대구이룸고등학교,북구,대구광역시 북구 복현로8길 16-54 (복현동),41528,053-233-7600,053-233-7605
대구해올고등학교,달서구,대구광역시 달서구 야외음악당로 42 (성당동),42679,053-231-9500,053-626-6349
대구광명학교,남구,"대구광역시 남구 성당로50길 33 , 대구광명학교 (대명동)",42400,053-231-3300,053-624-5836
대구덕희학교,남구,"대구광역시 남구 성당로50길 33 , 대구덕희학교 (대명동)",42400,053-231-3770,053-626-3061
대구보건학교,남구,"대구광역시 남구 성당로50길 33 , 대구보건학교 (대명동,대구대학교)",42400,053-231-3541,053-626-4933
대구보명학교,남구,"대구광역시 남구 성당로50길 33 (대명동, 대구대학교)",42400,053-231-3500,053-627-9783
대구선명학교,동구,대구광역시 동구 팔공산로 225 (덕곡동),41000,"053-231-3603,",053-986-7056
대구영화학교,남구,대구광역시 남구 성당로50길 33 (대명동),42400,053-231-3390,053-628-6629
경북기계공업고등학교부설대구문화예술산업학교,달서구,"대구광역시 달서구 월배로 275 (상인동,경북기계공업고등학교)",42748,053-231-3832,053-636-3859
대구예담학교,달서구,"대구광역시 달서구 구마로21길 36 , 예담학교 (본리동)",42683,053-231-9820,053-526-8603
대구온라인학교,서구,대구광역시 서구 달구벌대로 1725 (내당동),41857,053-233-9247,053-525-9301
대구고등학교부설방송통신고등학교,남구,"대구광역시 남구 중앙대로 171 (대명동, 대구고등학교)",42416,053-231-4158,053-656-7949
한남중미용정보고등학교,달성군,대구광역시 달성군 화원읍 비슬로 2614-18  ,42962,053-632-4451,053-633-4451
학력인정한남중학교,달성군,대구광역시 달성군 화원읍 비슬로 2614-18 학력인정 한남중미용정보고등학교,42962,053-632-4451,053-633-4451
학력인정한남중미용정보고등학교,달성군,대구광역시 달성군 화원읍 비슬로 2614-18 한남중미용정보고등학교,42962,053-632-4451,053-633-4451
대구교육대학교대구부설초등학교,달서구,"대구광역시 달서구 도원남로 19 (도원동, 대구교육대학교대구부설초등학교)",42831,053-234-5335,053-632-2321
남대구초등학교,남구,"대구광역시 남구 중앙대로47길 55 (대명동, 남대구초등학교)",42412,053-234-1711,053-624-1025
대구감삼초등학교,달서구,"대구광역시 달서구 당산로 123 , 감삼초등학교 (감삼동)",42651,053-234-2000,053-567-1329
대구감천초등학교,달서구,"대구광역시 달서구 구마로12길 60 (월성동, 대구감천초등학교)",42728,053-234-2730,053-636-2032
대구남덕초등학교,남구,대구광역시 남구 앞산순환로93길 33 (대명동),42490,053-234-2355,053-651-9106
대구남도초등학교,남구,대구광역시 남구 현충동길 74 (대명동),42419,053-234-0882,053-652-3880
대구남명초등학교,남구,"대구광역시 남구 큰골4길 41 , 남명초등학교 (대명동, 남명초등학교)",42453,053-234-1940,053-656-8554
대구남부초등학교,달서구,"대구광역시 달서구 야외음악당로 15길 , 46 (성당동)",42656,053-234-1006,053-651-7439
대구남송초등학교,달서구,"대구광역시 달서구 송현로 192 (본동, 대구남송초등학교)",42735,053-234-2203,053-654-5332
대구내당초등학교,달서구,대구광역시 달서구 명덕로 22-9 (두류동),42662,053-234-0401,053-626-8153
대구노전초등학교,달서구,"대구광역시 달서구 한실로 43 , 대구노전초등학교 (도원동)",42827,053-234-3370,053-636-8691
대구대곡초등학교,달서구,"대구광역시 달서구 도원남로 60 , 대구대곡초등학교 (도원동, 대곡초등학교)",42830,053-234-3204,053-634-2393
대구대남초등학교,달서구,"대구광역시 달서구 월배로68길 91 (송현동, 대남초등학교)",42823,053-234-2113,053-625-3315
대구대덕초등학교,남구,"대구광역시 남구 대명서로 28 (대명동,대덕초등학교)",42500,053-234-1051,053-621-3214
대구대명초등학교,남구,"대구광역시 남구 대명로 100 (대명동, 대명초등학교)",42485,053-234-0208,053-654-2144
대구대봉초등학교,남구,"대구광역시 남구 대봉로26길 33 (이천동,대봉초등학교)",42436,053-234-0301,053-474-4418
대구대서초등학교,달서구,대구광역시 달서구 송현로 9 (상인동),42803,053-234-2500,053-636-0313
대구대진초등학교,달서구,"대구광역시 달서구 상화로 70 , 대구대진초등학교 (대곡동)",42826,053-234-4264,053-644-7023
대구덕인초등학교,달서구,대구광역시 달서구 대명천로43길 66 대구덕인초등학교,42694,053-234-2274,053-557-9781
대구도원초등학교,달서구,"대구광역시 달서구 도원남로 100-30 (도원동,도원초등학교)",42836,053-234-3540,053-639-0767
대구본리초등학교,달서구,"대구광역시 달서구 장기로 198 (감삼동, 대구본리초등학교)",42658,053-234-1203,053-567-2113
대구봉덕초등학교,남구,"대구광역시 남구 효성로 71 (봉덕동, 봉덕초등학교)",42506,053-234-0571,053-474-7355
대구상원초등학교,달서구,"대구광역시 달서구 월곡로20길 15 (상인동, 상원초등학교)",42840,053-234-3018,053-634-8431
대구상인초등학교,달서구,"대구광역시 달서구 월곡로 211 , 대구상인초등학교 (상인동)",42793,053-234-1300,053-641-4465
대구선원초등학교,달서구,"대구광역시 달서구 선원로33길 105 (용산동,선원초등학교)",42606,053-234-3650,053-586-3714
대구성곡초등학교,달서구,"대구광역시 달서구 선원남로 127 (이곡동, 성곡초등학교)",42615,053-234-4400,053-587-0136
대구성남초등학교,달서구,대구광역시 달서구 성당로47길 35 (두류동),42668,053-234-0745,053-651-2818
대구성당초등학교,달서구,"대구광역시 달서구 대명천로 118 (본리동, 성당초등학교)",42677,053-234-1904,053-627-7885
대구성명초등학교,남구,대구광역시 남구 성당로30길 55 (대명동),42461,053-234-0910,053-656-1413
대구성산초등학교,달서구,"대구광역시 달서구 선원남로 173 (용산동,성산초등학교)",42616,053-234-3725,053-586-5962
대구성서초등학교,달서구,"대구광역시 달서구 달구벌대로 1339 (이곡동, 성서초등학교)",42620,053-234-1120,053-586-0684
대구성지초등학교,달서구,"대구광역시 달서구 새동네로 27 (용산동, 대구성지초등학교)",42622,053-234-3275,053-586-5357
대구송일초등학교,달서구,"대구광역시 달서구 학산로2길 38 , 대구송일초등학교 (월성동)",42750,053-234-2640,053-638-9205
대구송현초등학교,달서구,대구광역시 달서구 송현로 128 (송현동),42743,053-234-1481,053-621-4133
대구신당초등학교,달서구,"대구광역시 달서구 서당로 14 (신당동, 신당초등학교)",42613,053-234-3030,053-234-3077
대구신서초등학교,달서구,대구광역시 달서구 계대동문로3길 46 (신당동),42608,053-234-3820,053-586-4982
대구신월초등학교,달서구,"대구광역시 달서구 조암남로 100 (월성동,신월초등학교)",42755,053-234-5000,053-639-5720
대구신흥초등학교,달서구,"대구광역시 달서구 두류공원로 257 , 신흥초등학교 (두류동)",42647,053-234-0700,053-626-8003
대구영선초등학교,남구,"대구광역시 남구 영선길 96 (이천동,대구영선초등학교)",42423,053-234-0470,053-475-6053
대구와룡초등학교,달서구,"대구광역시 달서구 선원남로 22 , 대구와룡초등학교 (이곡동)",42611,053-234-3081,053-583-7810
대구용산초등학교,달서구,"대구광역시 달서구 와룡로49길 80 , 대구용산초등학교 (용산동)",42631,053-234-2123,053-564-3485
대구용전초등학교,달서구,"대구광역시 달서구 용산로 260 (용산동,대구용전초등학교)",42626,053-234-4074,053-522-0019
대구용천초등학교,달서구,대구광역시 달서구 조암남로32길 55 (유천동),42761,053-234-5630,053-643-7803
대구월곡초등학교,달서구,대구광역시 달서구 상인로 40 (상인동),42813,053-234-2920,053-642-6298
대구월배초등학교,달서구,대구광역시 달서구 월배로 131 (진천동 57-1),42784,053-234-1406,053-641-1627
대구월서초등학교,달서구,"대구광역시 달서구 월배로39길 46 (상인동, 대구월서초등학교)",42780,053-234-4706,053-643-6327
대구월성초등학교,달서구,대구광역시 달서구 학산로7길 26 (월성동),42731,053-234-2584,053-636-1770
대구월암초등학교,달서구,"대구광역시 달서구 조암로6길 55 (월성동, 대구월암초등학교)",42751,053-234-5200,053-637-5199
대구월촌초등학교,달서구,대구광역시 달서구 상인서로 60 (상인동),42807,053-234-2876,053-636-6350
대구유천초등학교,달서구,"대구광역시 달서구 달서대로 39 (유천동, 대구유천초등학교)",42764,053-234-4835,053-636-1957
대구이곡초등학교,달서구,"대구광역시 달서구 선원남로 120 , 이곡초등학교 (이곡동, 이곡초등학교)",42619,053-234-3563,053-586-1366
대구장기초등학교,달서구,"대구광역시 달서구 장기로 280 (장기동, 장기초등학교)",42686,053-234-4172,053-521-0140
대구장동초등학교,달서구,대구광역시 달서구 달구벌대로304길 112 (장기동),42687,053-234-4505,053-234-4550
대구장산초등학교,달서구,"대구광역시 달서구 장산로 30 (용산동, 장산초등학교)",42630,053-234-3901,053-234-3904
대구장성초등학교,달서구,대구광역시 달서구 달구벌대로 1429-11 (장기동),42636,053-234-4578,053-234-4619
대구조암초등학교,달서구,대구광역시 달서구 조암로5길 19 (월성동),42758,053-234-5053,053-639-6478
대구죽전초등학교,달서구,"대구광역시 달서구 죽전길 127 , 대구죽전초등학교 (죽전동)",42638,053-234-1801,053-553-7979
대구진월초등학교,달서구,"대구광역시 달서구 진천로4길 32 (진천동, 대구진월초등학교)",42800,053-234-2399,053-634-8484
대구진천초등학교,달서구,"대구광역시 달서구 상화로9길 65 , 대구진천초등학교 (진천동)",42770,053-234-1564,053-634-5028
대구파호초등학교,달서구,"대구광역시 달서구 달서대로109안길 76 , 대구파호초등학교 (호산동)",42707,053-234-4101,053-591-7034
대구학산초등학교,달서구,"대구광역시 달서구 월성로 76 , 대구학산초등학교 (월성동)",42726,053-234-2453,053-643-7735
대구한샘초등학교,달서구,대구광역시 달서구 월배로11길 42 (대천동),42760,053-234-5274,053-637-2507
대구한솔초등학교,달서구,대구광역시 달서구 조암남로 172-13 (유천동),42761,053-234-5500,053-634-3494
대구한실초등학교,달서구,"대구광역시 달서구 한실로6길 108 , 대구한실초등학교 (대곡동)",42829,053-234-5800,053-641-5890
대구호산초등학교,달서구,"대구광역시 달서구 달서대로109길 116 (호산동, 대구호산초등학교)",42709,053-234-4755,053-584-7510
대구효명초등학교,남구,"대구광역시 남구 앞산순환로 707 (봉덕동,효명초등학교)",42514,053-234-1701,053-471-0355
효성초등학교,달서구,"대구광역시 달서구 송현로 81 , 효성초등학교 (송현동)",42748,053-234-9500,053-234-9555
경상중학교,남구,"대구광역시 남구 현충로48길 33 (대명동, 경상중학교)",42412,053-234-6100,053-629-4278
경혜여자중학교,남구,"대구광역시 남구 성당로18길 20 (대명동,경혜여자중학교)",42471,053-234-8420,053-651-3374
대곡중학교,달서구,"대구광역시 달서구 도원남로 5 (도원동, 대곡중학교)",42831,053-234-6805,053-234-6777
대구중학교,남구,"대구광역시 남구 대봉로 120 (이천동,대구중학교)",42436,053-234-6002,053-474-6175
대명중학교,남구,"대구광역시 남구 앞산순환로 477 (대명동, 대명중학교)",42489,053-234-7386,053-652-2546
대서중학교,달서구,"대구광역시 달서구 월배로 303 (송현동, 대서중학교)",42748,053-234-6281,053-634-0967
대진중학교,달서구,"대구광역시 달서구 화암로73길 7 (대곡동, 대진중학교)",42768,053-234-8050,053-641-1585
도원중학교,달서구,"대구광역시 달서구 미리샘길 32 , 도원중학교 (도원동,도원중학교)",42838,053-234-7070,053-634-8559
상원중학교,달서구,대구광역시 달서구 상인로 117 (상인동),42807,053-234-7761,053-641-2207
상인중학교,달서구,"대구광역시 달서구 상인로 34 , 상인중학교 (상인동)",42813,053-234-6900,053-639-4016
새본리중학교,달서구,"대구광역시 달서구 대명천로 167 , 새본리중학교 (본리동)",42683,053-234-7668,053-527-6301
성곡중학교,달서구,"대구광역시 달서구 새방로 32 (용산동, 성곡중학교)",42607,053-234-8000,053-584-9824
성당중학교,달서구,"대구광역시 달서구 대명천로 102 , 성당중학교 ",42677,053-234-6450,053-654-7245
성산중학교,달서구,대구광역시 달서구 선원남로 174 (용산동),42618,053-234-6950,053-581-4126
성서중학교,달서구,대구광역시 달서구 용산서로 63 (용산동),42630,053-234-6158,053-521-8166
성지중학교,달서구,"대구광역시 달서구 성서동로 361 (이곡동, 성지중학교)",42620,053-234-7308,053-592-8011
와룡중학교,달서구,"대구광역시 달서구 선원남로 23 (이곡동, 와룡중학교)",42610,053-234-6675,053-583-7557
용산중학교,달서구,"대구광역시 달서구 와룡로45길 72 (용산동, 용산중학교)",42632,053-234-7456,053-557-4371
월배중학교,달서구,대구광역시 달서구 월배로28길 80 (진천동),42789,053-234-7591,053-633-5690
월서중학교,달서구,"대구광역시 달서구 월배로33길 105 (월성동, 월서중학교)",42778,053-234-8170,053-643-7616
월암중학교,달서구,"대구광역시 달서구 조암로6길 33 (월성동, 월암중학교)",42753,053-234-8280,053-635-2309
이곡중학교,달서구,"대구광역시 달서구 선원로37길 65 (이곡동,이곡중학교)",42605,053-234-7160,053-588-0932
조암중학교,달서구,대구광역시 달서구 조암로 59 (월성동),42756,053-234-9321,053-641-0301
학산중학교,달서구,"대구광역시 달서구 월곡로94길 10 (월성동, 학산중학교)",42726,053-234-6651,053-632-6602
경암중학교,달서구,"대구광역시 달서구 당산로30길 20 (성당동, 경화여자고등학교, 경암중학교)",42654,053-234-9100,053-623-7436
경일여자중학교,남구,"대구광역시 남구 효성로 37 (봉덕동, 경일여자중고등학교, 우봉아트홀)",42507,053-234-9194,053-472-9004
구남중학교,달서구,대구광역시 달서구 두류남길 10 (두류동),42664,053-234-8816,053-625-8054
대건중학교,달서구,"대구광역시 달서구 월곡로94길 46 (월성동, 대건중학교)",42726,053-234-8808,053-637-8401
상서중학교,달서구,"대구광역시 달서구 야외음악당로 107 , 상서중학교 (성당동)",42655,053-234-9000,053-629-3915
송현여자중학교,달서구,"대구광역시 달서구 송현로 156 (송현동, 송현여자중,고등학교)",42738,053-234-9300,053-652-4351
영남중학교,달서구,"대구광역시 달서구 월곡로 300 , 영남중학교 (상인동, 영남중,고등학교)",42748,053-234-8700,053-634-7705
원화중학교,달서구,"대구광역시 달서구 당산로30길 30 (성당동,원화여자고등학교 원화중학교)",42655,053-608-2220,053-608-2209
협성경복중학교,남구,"대구광역시 남구 효성로 33 , 협성경복중학교 (봉덕동, 협성중고등학교)",42507,053-234-8444,053-471-6963
효성중학교,달서구,"대구광역시 달서구 월곡로94길 48 (월성동, 효성여자중,고등학교)",42726,053-234-8900,053-638-9123
경상중학교부설방송통신중학교,남구,"대구광역시 남구 현충로48길 33 (대명동, 경상중학교)",42412,053-234-6137,053-234-6129
대구가창초등학교,달성군,"대구광역시 달성군 가창면 가창로 640 (가창면, 가창초등학교)",42938,053-235-1133,053-767-0330
대구강림초등학교,달성군,"대구광역시 달성군 옥포읍 돌미로 15 , 대구강림초등학교 (옥포읍)",42974,053-235-2200,053-611-1984
대구구지초등학교,달성군,대구광역시 달성군 구지면 창리로11길 45-11 (구지면),43010,053-235-0702,053-614-0680
대구금계초등학교,달성군,"대구광역시 달성군 옥포읍 금계길 55 (옥포읍, 대구금계초등학교)",42969,053-235-0343,053-614-1676
대구금포초등학교,달성군,"대구광역시 달성군 논공읍 금포초등길 28 , 대구금포초등학교 (논공읍)",42974,053-235-0440,053-616-3775
대구남동초등학교,달성군,대구광역시 달성군 논공읍 논공로 258 (논공읍),42985,053-235-1210,053-615-6234
대구논공초등학교,달성군,"대구광역시 달성군 논공읍 논공로7길 41 (논공읍, 대구논공초등학교)",42978,053-235-1703,053-235-1709
대구다사초등학교,달성군,"대구광역시 달성군 다사읍 다사로 86 , 대구다사초등학교 (다사읍)",42909,053-235-0805,053-591-1045
대구대실초등학교,달성군,대구광역시 달성군 다사읍 대실역남로1길 31 (다사읍),42919,053-235-2274,053-583-2352
대구도림초등학교,달성군,"대구광역시 달성군 다사읍 서재로26길 94 (다사읍, 대구도림초등학교)",42925,053-235-1681,053-592-1693
대구동곡초등학교,달성군,대구광역시 달성군 하빈면 달구벌대로55길 104-4 (하빈면),42903,053-235-0777,053-583-0789
대구매곡초등학교,달성군,"대구광역시 달성군 다사읍 대실역북로3길 6 , 대구매곡초등학교 (다사읍)",42912,053-235-1980,053-585-8369
대구명곡초등학교,달성군,"대구광역시 달성군 화원읍 명곡로 40 (화원읍, 명곡초등학교)",42959,053-235-1466,053-638-8305
대구반송초등학교,달성군,"대구광역시 달성군 옥포읍 용연사길 5 (옥포읍, 반송초등학교)",42977,053-235-0392,053-617-7713
대구북동초등학교,달성군,"대구광역시 달성군 논공읍 논공로11길 18 , 대구북동초등학교 (논공읍)",42978,053-235-0493,053-616-4819
대구비슬초등학교,달성군,"대구광역시 달성군 유가읍 테크노북로 144 (유가읍, 대구비슬초등학교)",43015,053-235-2405,053-614-6531
대구서동초등학교,달성군,대구광역시 달성군 다사읍 서재로7길 55 (다사읍),42929,053-233-5770,053-584-9864
대구서재초등학교,달성군,대구광역시 달성군 다사읍 서재로 100 (다사읍),42927,053-235-0902,053-585-5804
대구세천초등학교,달성군,대구광역시 달성군 다사읍 세천로 182-9 (다사읍),42930,053-235-2473,053-584-7933
대구세현초등학교,달성군,대구광역시 달성군 구지면 국가산단대로66길 10 (구지면),43008,053-233-5500,053-614-5371
대구옥포초등학교,달성군,"대구광역시 달성군 옥포읍 비슬로 2220 (옥포읍, 옥포초등학교)",42970,053-235-0303,053-614-1869
대구왕선초등학교,달성군,"대구광역시 달성군 다사읍 대실역북로 93 , 대구왕선초등학교 (다사읍)",42914,053-235-1902,053-584-7672
대구용계초등학교,달성군,대구광역시 달성군 가창면 가창로221길 1 (가창면),42933,053-235-1055,053-767-4990
대구유가초등학교,달성군,"대구광역시 달성군 유가읍 테크노대로5길 34 (유가읍, 대구유가초등학교)",43019,053-235-2578,053-615-0580
대구죽곡초등학교,달성군,"대구광역시 달성군 다사읍 죽곡1길 18 (다사읍,대구죽곡초등학교)",42918,053-235-1360,053-592-1360
대구천내초등학교,달성군,"대구광역시 달성군 화원읍 성천로 192 (화원읍, 천내초등학교)",42950,053-235-1543,053-631-4025
대구테크노초등학교,달성군,대구광역시 달성군 유가읍 현풍로 245 대구테크노초등학교,42989,2349585,6110992
대구포산초등학교,달성군,"대구광역시 달성군 현풍읍 테크노북로 80 (현풍읍, 대구포산초등학교)",42995,053-233-5564,053-611-4284
대구하빈초등학교,달성군,"대구광역시 달성군 하빈면 하빈로 391-1 (하빈면,대구하빈초등학교)",42902,053-235-1000,053-582-7859
대구현풍초등학교,달성군,"대구광역시 달성군 현풍읍 비슬로134길 167-6 (현풍읍, 현풍초등학교)",42997,053-235-0584,053-614-9198
대구화남초등학교,달성군,"대구광역시 달성군 화원읍 명천로 181 , 대구화남초등학교 (화원읍)",42960,053-235-1272,053-639-2015
대구화동초등학교,달성군,"대구광역시 달성군 화원읍 성암로 38 (화원읍, 대구화동초등학교)",42966,053-235-1772,053-643-7870
대구화원초등학교,달성군,"대구광역시 달성군 화원읍 비슬로 2580 (화원읍,대구화원초등학교)",42955,053-235-0205,053-635-8857
경서중학교,달성군,"대구광역시 달성군 옥포읍 돌미로5길 15 (옥포읍, 경서중학교)",42974,053-235-3104,053-235-3149
구지중학교,달성군,"대구광역시 달성군 구지면 국가산단대로66길 22 (구지면, 구지중학교)",43008,053-233-9888,053-611-8785
논공중학교,달성군,"대구광역시 달성군 논공읍 논공로 256 (논공읍, 논공중학교)",42985,053-235-3311,053-235-3320
다사중학교,달성군,"대구광역시 달성군 다사읍 매곡로2길 8-5 (다사읍,다사중학교)",42908,053-235-3200,053-591-7606
달성중학교,달성군,"대구광역시 달성군 화원읍 비슬로506길 14 (화원읍,달성중학교)",42956,053-235-3000,053-638-1948
북동중학교,달성군,"대구광역시 달성군 논공읍 논공로7길 43 , 북동중학교 (논공읍)",42978,053-235-3600,053-235-3613
서동중학교,달성군,"대구광역시 달성군 다사읍 서재로12길 11-11 (다사읍, 서동중학교)",42928,053-233-9810,053-584-8935
서재중학교,달성군,대구광역시 달성군 다사읍 서재로26길 18 (다사읍),42927,053-235-3491,053-235-3558
왕선중학교,달성군,"대구광역시 달성군 다사읍 대실역북로 83 (다사읍, 왕선중학교)",42914,053-235-3765,053-235-3825
유가중학교,달성군,"대구광역시 달성군 유가읍 테크노대로5길 20 (유가읍, 유가중학교)",43019,053-235-2750,053-615-2718
천내중학교,달성군,대구광역시 달성군 화원읍 성천로 202 (화원읍),42950,053-235-3675,053-641-0844
포산중학교,달성군,대구광역시 달성군 유가읍 테크노북로6길 10 (유가읍),43015,053-235-2910,053-617-3358
화원중학교,달성군,"대구광역시 달성군 화원읍 성암로 48 (화원읍, 화원중학교)",42966,053-235-3339,053-636-3401
가창중학교,달성군,"대구광역시 달성군 가창면 원정길 2 (가창면, 가창중학교)",42938,053-235-3859,053-767-7220
달서중학교,달성군,"대구광역시 달성군 하빈면 하빈로 118 (하빈면, 달서중학교)",42903,053-235-3900,053-582-4445
심인중학교,달성군,대구광역시 달성군 다사읍 대실역남로1길 21 (다사읍),42919,053-234-8540,053-655-3336
한울안중학교,달성군,대구광역시 달성군 현풍읍 지동길 31 한울안중학교 ,43007,053-233-9970,053-256-4578
현풍중학교,달성군,"대구광역시 달성군 현풍읍 비슬로 675 (현풍읍, 현풍중.고등학교)",43001,053-235-3963,053-615-2074
경북대학교사범대학부설초등학교,중구,"대구광역시 중구 달구벌대로 2150 (봉산동, 경북대학사범대학부속초등학교)",41959,053-232-5804,053-427-9455
대구강동초등학교,동구,"대구광역시 동구 동호로7길 17 , 대구강동초등학교 (신서동)",41088,053-232-5051,053-963-8706
대구경동초등학교,수성구,"대구광역시 수성구 청호로76길 12 (범어동,경동초등학교)",42082,053-232-3000,053-753-8831
대구고산초등학교,수성구,"대구광역시 수성구 달구벌대로 3067 (시지동,고산초등학교)",42262,053-232-2670,053-791-3736
대구공산초등학교,동구,"대구광역시 동구 팔공로197길 35 (백안동, 대구공산초등학교)",41009,053-232-2200,053-983-8005
대구남산초등학교,중구,"대구광역시 중구 남산로 70 , 남산초등학교 (남산동)",41970,053-232-0404,053-254-4973
대구노변초등학교,수성구,"대구광역시 수성구 노변공원로 52 (시지동, 대구노변초등학교)",42259,053-232-4545,053-791-8158
대구대청초등학교,수성구,"대구광역시 수성구 교학로12길 42 (만촌동, 대청초등학교)",42077,053-232-3500,053-753-8541
대구덕성초등학교,동구,"대구광역시 동구 아양로34길 50 , 대구덕성초등학교 (신암동)",41224,053-232-3402,053-939-7017
대구동덕초등학교,중구,"대구광역시 중구 동덕로26길 20 (삼덕동2가,동덕초등학교)",41948,053-232-0844,053-427-0792
대구동도초등학교,수성구,"대구광역시 수성구 동대구로57길 8 (범어동, 동도초등학교)",42118,053-232-0482,053-753-9777
대구동문초등학교,수성구,대구광역시 수성구 효행로2길 111 (만촌동),42064,053-232-3242,053-956-5399
대구동부초등학교,동구,"대구광역시 동구 신암북로7길 22 , 대구동부초등학교 (신암동, 대구동부초등학교)",41191,053-232-1844,053-959-0783
대구동산초등학교,수성구,"대구광역시 수성구 동대구로42길 29 (범어동,동산초등학교)",42109,053-232-2894,053-744-2205
대구동성초등학교,수성구,"대구광역시 수성구 수성로 311 (수성동1가,대구동성초등학교)",42131,053-232-1506,053-766-1435
대구동신초등학교,동구,"대구광역시 동구 송라로 123 , 대구동신초등학교 (신암동)",41202,053-232-1703,053-959-4552
대구동원초등학교,수성구,"대구광역시 수성구 국채보상로 1000 , 대구동원초등학교 (만촌동)",42048,053-232-2182,053-744-4452
대구동인초등학교,중구,대구광역시 중구 국채보상로 728 (동인동4가),41946,053-232-0733,053-427-9416
대구동일초등학교,수성구,"대구광역시 수성구 들안로 311 (수성동2가, 동일초등학교)",42123,053-232-3200,053-759-3190
대구동천초등학교,수성구,"대구광역시 수성구 상록로16길 20 (범어동, 대구동천초등학교)",42012,053-232-1484,053-754-0040
대구동촌초등학교,동구,"대구광역시 동구 동촌로 168 (방촌동, 대구동촌초등학교)",41159,053-232-1000,053-982-9943
대구동호초등학교,동구,"대구광역시 동구 동호로 25 (동호동,대구동호초등학교)",41086,053-232-5005,053-961-3515
대구두산초등학교,수성구,"대구광역시 수성구 동대구로6길 31 , 대구두산초등학교 (지산동)",42185,053-232-3592,053-768-8835
대구들안길초등학교,수성구,"대구광역시 수성구 들안로16길 58 (두산동, 대구들안길초등학교)",42169,053-232-5582,053-763-8562
대구만촌초등학교,수성구,"대구광역시 수성구 국채보상로214길 33 (만촌동,대구만촌초등학교)",42050,053-232-2010,053-743-4456
대구매동초등학교,수성구,"대구광역시 수성구 천을로31길 16 (매호동,대구매동초등학교)",42265,053-232-5400,053-791-2530
대구매호초등학교,수성구,"대구광역시 수성구 달구벌대로647길 30 (매호동,대구매호초등학교)",42270,053-232-4580,053-232-4688
대구명덕초등학교,중구,"대구광역시 중구 남산로2길 125 (남산동,명덕초등학교)",41968,053-232-0606,053-252-3749
대구반야월초등학교,동구,대구광역시 동구 안심로49길 70 (서호동),41112,053-232-2373,053-964-2972
대구방촌초등학교,동구,"대구광역시 동구 동촌로42길 35-14 , 방촌초등학교 (방촌동)",41160,053-232-3430,053-985-6521
대구범물초등학교,수성구,대구광역시 수성구 지범로41길 33 (범물동),42199,053-232-4047,053-784-3093
대구범어초등학교,수성구,"대구광역시 수성구 달구벌대로489길 55 , 대구범어초등학교 (범어동)",42029,053-232-1783,053-756-2219
대구범일초등학교,수성구,"대구광역시 수성구 범안로4길 22 (범물동, 범일초등학교)",42243,053-232-4120,053-782-0374
대구복명초등학교,수성구,"대구광역시 수성구 범안로20길 8 (범물동, 복명초등학교)",42241,053-232-4805,053-784-4980
대구봉무초등학교,동구,대구광역시 동구 팔공로53길 30 (봉무동),41023,053-232-5705,053-986-9118
대구불로초등학교,동구,"대구광역시 동구 방천로3길 19 , 대구 불로초등학교 (불로동)",41042,053-232-3293,053-985-7566
대구사월초등학교,수성구,"대구광역시 수성구 달구벌대로656길 46 , 대구사월초등학교 (신매동,사월초등학교)",42279,053-232-5300,053-217-5576
대구삼덕초등학교,중구,"대구광역시 중구 달구벌대로447길 10 , 대구삼덕초등학교 (삼덕동3가)",41948,053-232-0473,053-253-0425
대구새론초등학교,동구,대구광역시 동구 과학로13길 5 (각산동),41066,053-232-9605,053-964-9585
대구서촌초등학교,동구,대구광역시 동구 파계로 525-11 (중대동),41001,053-232-2323,053-984-0055
대구성동초등학교,수성구,"대구광역시 수성구 청수로45길 27 , 성동초등학교 (황금동)",42112,053-232-2800,053-766-2724
대구송정초등학교,동구,"대구광역시 동구 안심로90길 9 (괴전동, 대구송정초등학교)",41092,053-232-2544,053-964-2605
대구수성초등학교,수성구,"대구광역시 수성구 상화로5길 40 (상동, 수성초등학교)",42157,053-232-0700,053-763-0327
대구수창초등학교,중구,대구광역시 중구 달성로22길 30 (수창동),41920,053-232-0302,053-257-2160
대구숙천초등학교,동구,"대구광역시 동구 숙천로 17 , 대구숙천초등학교 (숙천동)",41070,053-232-9800,053-232-9797
대구시지초등학교,수성구,"대구광역시 수성구 달구벌대로631길 17 (매호동, 대구시지초등학교)",42268,053-232-4304,053-792-7500
대구신매초등학교,수성구,"대구광역시 수성구 달구벌대로650길 26 (신매동, 신매초등학교)",42275,053-232-4271,053-792-8125
대구신성초등학교,동구,대구광역시 동구 동북로71길 29 (신암동),41181,053-232-2854,053-954-1630
대구신천초등학교,동구,대구광역시 동구 송라로6길 5 (신천동),41259,053-232-1173,053-752-5624
대구아양초등학교,동구,대구광역시 동구 아양로 221 (신암동),41186,053-232-1300,053-232-1310
대구안일초등학교,동구,"대구광역시 동구 율하동로23길 66 , 대구안일초등학교 (율하동)",41122,053-232-2501,053-964-2590
대구용지초등학교,수성구,대구광역시 수성구 지산로 12 (지산동),42214,053-232-3800,053-782-1450
대구용호초등학교,동구,"대구광역시 동구 동촌로56길 82 , 대구용호초등학교 (방촌동)",41165,053-232-4707,053-984-6493
대구욱수초등학교,수성구,대구광역시 수성구 신매로 20 (신매동),42283,053-232-4400,053-793-1887
대구율금초등학교,동구,대구광역시 동구 안심로16길 70 (율하동),41107,053-232-5609,053-963-8754
대구율원초등학교,동구,"대구광역시 동구 율하동로 55 (율하동, 대구율원초등학교)",41099,053-232-5485,053-963-7634
대구율하초등학교,동구,"대구광역시 동구 율하동로15길 1 , 대구율하초등학교 (율하동)",41121,053-232-4004,053-964-0466
대구입석초등학교,동구,"대구광역시 동구 아양로 300 (입석동, 대구입석초등학교)",41153,053-232-3903,053-983-6835
대구종로초등학교,중구,"대구광역시 중구 경상감영길 49 , 대구종로초등학교 (서문로1가)",41919,053-232-0800,053-255-8278
대구중앙초등학교,수성구,대구광역시 수성구 만촌로 125 (만촌동),42037,053-232-4902,053-232-4909
대구지묘초등학교,동구,대구광역시 동구 파계로6길 54-3 대구지묘초등학교(지묘동),41002,053-232-2311,053-985-6324
대구지봉초등학교,수성구,"대구광역시 수성구 지범로31길 45 (지산동, 지봉초등학교)",42193,053-232-3847,053-781-8636
대구지산초등학교,수성구,"대구광역시 수성구 지범로17길 3-14 (지산동),(지산초등학교)",42187,053-232-0907,053-783-7449
대구청림초등학교,수성구,대구광역시 수성구 고산로 51 (노변동),42257,053-232-5165,053-795-9117
대구초등학교,중구,"대구광역시 중구 명륜로23길 80 (봉산동,대구초등학교)",41958,053-232-0204,053-426-5974
대구파동초등학교,수성구,대구광역시 수성구 파동로51길 34 (파동),42222,053-232-3099,053-768-8014
대구팔공초등학교,동구,"대구광역시 동구 연경지묘로 150 , 대구팔공초등학교 (지묘동)",41003,053-233-5270,053-981-8002
대구해서초등학교,동구,"대구광역시 동구 팔공로 220-4 , 대구해서초등학교 (봉무동)",41027,053-232-1103,053-983-1705
대구해안초등학교,동구,"대구광역시 동구 옻골로 50 (부동, 대구해안초등학교)",41055,053-232-0951,053-981-6588
대구황금초등학교,수성구,"대구광역시 수성구 들안로32길 22 , 황금초등학교 (황금동)",42148,053-232-2043,053-768-5864
대구효동초등학교,동구,"대구광역시 동구 효동로 78-7 (효목동,효동초등학교)",41171,053-232-3703,053-959-4744
대구효목초등학교,동구,"대구광역시 동구 화랑로27길 25 (효목동, 대구효목초등학교)",41240,053-232-1666,053-742-1438
대구효신초등학교,동구,"대구광역시 동구 동부로34길 70 (신천동, 대구효신초등학교)",41247,053-232-1913,053-743-0514
동대구초등학교,동구,"대구광역시 동구 신암남로 45 (신암동, 동대구초등학교)",41211,053-232-1404,053-939-1404
계성초등학교,중구,"대구광역시 중구 달성로 15 (대신동,계성초등학교)",41927,053-253-4191,053-254-5132
대구삼육초등학교,수성구,"대구광역시 수성구 청수로 22-23 (중동, 삼육초등학교)",42156,053-232-5964,053-768-7232
영신초등학교,동구,대구광역시 동구 팔공로50길 32 (봉무동),41021,053-232-5900,053-232-5920
경북대학교사범대학부설중학교,중구,"대구광역시 중구 달구벌대로 2178 (대봉동, 경북대학교사범대학부설중.고등학교)",41950,053-232-8255,053-427-0678
강동중학교,동구,"대구광역시 동구 동호로 112 (신서동, 강동중학교)",41089,053-232-7615,053-965-7615
고산중학교,수성구,"대구광역시 수성구 천을로 71 (시지동, 고산중학교)",42261,053-232-7510,053-792-3599
노변중학교,수성구,"대구광역시 수성구 시지로 66 (노변동,노변중학교)",42251,(053)232-8046,(053)794-8040
대구동부중학교,수성구,"대구광역시 수성구 화랑로32길 74 (만촌동, 동부중학교)",42034,053-232-7045,053-741-0660
대구동중학교,수성구,대구광역시 수성구 수성로76길 33 (수성동2가),42123,053-232-6000,053-756-8808
대구제일중학교,중구,대구광역시 중구 명륜로23길 16 (봉산동),41958,053-232-7777,053-425-4436
대구팔공중학교,동구,"대구광역시 동구 연경지묘로 150 , 대구팔공중학교 (지묘동)",41003,053-233-5190,981-8003
덕화중학교,수성구,"대구광역시 수성구 들안로9길 36 (상동,덕화중학교)",42163,053-232-7786,053-768-3342
동도중학교,수성구,"대구광역시 수성구 청호로 350 (범어동, 동도중학교)",42082,053-232-7270,053-745-6626
동원중학교,수성구,대구광역시 수성구 효행로2길 81 (만촌동),42064,053-232-6400,053-957-1451
동촌중학교,동구,대구광역시 동구 동촌로 176 (방촌동),41159,053-232-6164,053-985-5035
매호중학교,수성구,"대구광역시 수성구 천을로 106 (매호동, 매호중학교)",42268,053-232-7400,053-791-9840
범물중학교,수성구,"대구광역시 수성구 범안로4길 46 , 범물중학교 (범물동)",42243,053-232-6804,053-782-8435
범일중학교,수성구,"대구광역시 수성구 지범로41길 23 (범물동,범일중학교)",42199,053-232-7870,053-784-9628
불로중학교,동구,"대구광역시 동구 방천로5길 8 (불로동,불로중학교)",41042,053-232-6572,053-983-9216
새론중학교,동구,대구광역시 동구 이노밸리로 255 (신서동),41068,053-233-5801,053-964-6464
수성중학교,수성구,"대구광역시 수성구 파동로51길 26-9 (파동, 수성중학교)",42222,053-232-6316,053-768-6862
시지중학교,수성구,대구광역시 수성구 신매로 66 (신매동),42275,053-232-6830,053-791-4191
신기중학교,동구,"대구광역시 동구 율하동로 88 (신기동, 신기중학교)",41116,053-232-7365,053-964-2153
신아중학교,동구,대구광역시 동구 아양로39길 30 (신암동),41185,053-232-7130,053-959-4909
안심중학교,동구,"대구광역시 동구 안심로 237 (서호동, 안심중학교)",41117,053-232-6231,053-964-1233
율원중학교,동구,"대구광역시 동구 율하동로 20 (율하동, 율원중학교)",41103,053-232-8200,053-965-9147
입석중학교,동구,"대구광역시 동구 동촌로 10 , 입석중학교 (입석동)",41153,053-232-6940,053-985-0711
지산중학교,수성구,"대구광역시 수성구 지산로3길 68 (지산동, 지산중학교)",42205,053-232-6633,053-782-6576
황금중학교,수성구,"대구광역시 수성구 들안로32길 40 (황금동, 황금중학교)",42148,053-232-7955,053-763-2469
경구중학교,중구,"대구광역시 중구 남산로 20 (남산동, 경북공업고등학교,경구중학교)",41972,053-232-8900,053-255-3844
경신중학교,수성구,"대구광역시 수성구 달구벌대로504길 34 (범어동,경신중학교)",42093,053-233-9400,053-233-9460
계성중학교,중구,"대구광역시 중구 달성로 35 (대신동, 계성중고등학교)",41927,053-232-8351,053-253-0929
공산중학교,동구,"대구광역시 동구 팔공로197길 26 (백안동,공산중학교)",41009,053-232-9040,053-984-9436
능인중학교,수성구,대구광역시 수성구 무학로 207 (지산동),42183,053-232-9121,053-768-5119
대구중앙중학교,수성구,"대구광역시 수성구 신천동로 496 (수성동4가, 대구중앙중학교)",42000,053-770-0000,053-770-0089
대륜중학교,수성구,"대구광역시 수성구 달구벌대로 2700 , 대륜중학교 (만촌동)",42071,053-232-8380,053-756-9603
덕원중학교,수성구,"대구광역시 수성구 욱수길 37 (욱수동, 덕원고등학교, 덕원중학교)",42288,053-232-8560,053-792-9341
성명여자중학교,중구,대구광역시 중구 국채보상로102길 48 (동산동),41931,053-254-1808,053-254-1806
소선여자중학교,수성구,"대구광역시 수성구 교학로8길 37 (만촌동, 소선여자중학교)",42078,053-232-9502,053-753-7534
신명여자중학교,수성구,"대구광역시 수성구 신천동로 364 (수성동1가, 신명여중)",42129,053-232-9290,053-744-3705
영신중학교,동구,"대구광역시 동구 팔공로50길 32 (봉무동, 영신중학교)",41021,053-232-8500,053-981-9749
오성중학교,수성구,대구광역시 수성구 달구벌대로522길 78 (만촌동),42083,053-232-8700,053-743-8730
정화중학교,수성구,"대구광역시 수성구 청호로84길 123 , 정화중학교 (범어동)",42083,053-232-9202,053-745-6310
청구중학교,동구,"대구광역시 동구 국채보상로 827 , 청구중학교 (신천동)",41262,053-232-8787,053-751-5727
대구강북초등학교,북구,"대구광역시 북구 구암서로 50 (구암동, 강북초등학교)",41425,053-233-3655,053-322-2894
대구경운초등학교,서구,대구광역시 서구 평리로54길 16 (내당동),41850,053-233-1703,053-556-3669
대구경진초등학교,북구,"대구광역시 북구 경진로12길 5 (복현동, 경진초등학교)",41565,053-233-2668,053-943-0551
대구관남초등학교,북구,대구광역시 북구 칠곡중앙대로91길 10 (관음동),41443,053-233-3850,053-325-5205
대구관문초등학교,북구,대구광역시 북구 매전로 32 (매천동),41487,053-233-4700,053-326-9850
대구관음초등학교,북구,"대구광역시 북구 관음동로17길 16 (관음동, 관음초등학교)",41444,053-233-2892,053-324-7198
대구관천초등학교,북구,"대구광역시 북구 구암로22길 17 (태전동, 대구관천초등학교)",41460,053-233-3042,053-324-0652
대구교동초등학교,북구,대구광역시 북구 관음중앙로34길 4 (읍내동),41442,053-233-3363,053-323-7394
대구구암초등학교,북구,대구광역시 북구 학정로 245 (구암동),41464,053-233-3180,053-324-3413
대구국우초등학교,북구,대구광역시 북구 도남중앙로10길 45 (국우동),41408,053-233-8835,053-233-8839
대구내서초등학교,서구,"대구광역시 서구 달구벌대로371길 35 (내당동,내서초등학교)",41867,053-233-2831,053-565-5803
대구달산초등학교,북구,대구광역시 북구 옥산로17길 37 (침산동),41590,053-233-2601,053-356-6572
대구달서초등학교,서구,대구광역시 서구 국채보상로34길 35 (중리동),41836,053-233-1900,053-566-2289
대구달성초등학교,서구,"대구광역시 서구 고성로 127 (원대동1가, 달성초등학교)",41728,053-233-0293,053-351-2245
대구대산초등학교,북구,"대구광역시 북구 신천동로 900 (산격동, 대산초등학교)",41539,053-233-2300,053-944-0307
대구대성초등학교,서구,대구광역시 서구 국채보상로 426 (비산동),41805,053-233-0608,053-572-2805
대구대천초등학교,북구,대구광역시 북구 구암로21길 54 (읍내동),41437,053-233-3439,053-324-8165
대구도남초등학교,북구,"대구광역시 북구 구리로 202 (국우동, 대구도남초등학교)",41418,053-233-2205,053-326-2330
대구동변초등학교,북구,"대구광역시 북구 동변로 60 , 대구동변초등학교 (동변동)",41414,053-233-4224,053-958-8606
대구동평초등학교,북구,"대구광역시 북구 동천로 84 (동천동, 대구동평초등학교)",41427,053-233-3865,053-326-7120
대구두류초등학교,서구,"대구광역시 서구 달구벌대로357길 22 (내당동, 두류초등학교)",41864,053-233-2712,053-567-4803
대구매천초등학교,북구,"대구광역시 북구 매천로 179 (매천동, 대구매천초등학교)",41485,053-233-2134,053-314-5369
대구문성초등학교,북구,"대구광역시 북구 복현로 180 (복현동, 대구문성초등학교)",41522,053-233-0804,053-381-4980
대구복현초등학교,북구,대구광역시 북구 공항로 58 대구복현초등학교,41527,053-233-1804,053-942-5701
대구북부초등학교,북구,"대구광역시 북구 동천로 20 (동천동, 대구북부초등학교)",41431,053-233-3096,053-326-6905
대구북비산초등학교,서구,"대구광역시 서구 통학로48길 7 , 비산동 786-1 (비산동)",41740,053-233-1505,053-561-2799
대구비봉초등학교,서구,"대구광역시 서구 달서로45길 30 (비산동, 비봉초등학교)",41742,053-233-2774,053-522-2829
대구비산초등학교,서구,대구광역시 서구 통학로 202 (평리동),41778,053-233-1344,053-565-7130
대구사수초등학교,북구,대구광역시 북구 내곡로 124 (사수동),41492,053-233-4804,053-233-4824
대구산격초등학교,북구,"대구광역시 북구 산격로10길 14 (산격동, 대구산격초등학교)",41544,053-233-1181,053-943-3913
대구삼영초등학교,북구,"대구광역시 북구 내곡로 63 , 삼영초등학교 (사수동)",41493,053-233-4950,053-327-2555
대구서도초등학교,서구,"대구광역시 서구 평리로 395 , 서도초등학교 (평리동)",41821,053-233-1450,053-556-1581
대구서변초등학교,북구,"대구광역시 북구 호국로43길 35 (서변동,대구서변초등학교)",41477,053-233-4400,053-956-5534
대구서부초등학교,서구,대구광역시 서구 달서로26길 25 (비산동),41800,053-233-0205,053-559-3458
대구서평초등학교,서구,"대구광역시 서구 서대구로45길 60 (평리동,서평초등학교)",41760,053-233-2350,053-552-1798
대구성북초등학교,북구,"대구광역시 북구 호국로57길 42 (서변동,대구성북초등학교)",41474,053-233-1101,053-951-2125
대구신암초등학교,북구,대구광역시 북구 경대로 21 (대현동),41569,053-233-0674,053-951-9566
대구연경초등학교,북구,"대구광역시 북구 연경중앙로11길 19 , 대구연경초등학교 (연경동)",41409,053-233-5001,053-233-5074
대구옥산초등학교,북구,"대구광역시 북구 칠성시장로23길 55 (칠성동2가, 대구옥산초등학교)",41578,053-233-1090,053-427-8214
대구운암초등학교,북구,"대구광역시 북구 대천로 148 (구암동, 대구운암초등학교)",41429,053-233-4174,053-326-6086
대구이현초등학교,서구,"대구광역시 서구 국채보상로37길 35 (평리동, 이현초등학교)",41764,053-233-1604,053-562-8681
대구인지초등학교,서구,"대구광역시 서구 서대구로66길 20 , 대구인지초등학교 (비산동)",41719,053-233-0575,053-357-0003
대구중리초등학교,서구,대구광역시 서구 국채보상로 135 (이현동),41759,053-233-0754,053-564-7966
대구칠곡초등학교,북구,"대구광역시 북구 칠곡중앙대로110길 5 (읍내동, 칠곡초등학교)",41433,053-233-2100,053-322-5623
대구칠성초등학교,북구,"대구광역시 북구 침산남로32길 17 , 대구칠성초등학교 (침산동)",41584,053-233-0385,053-356-1488
대구침산초등학교,북구,"대구광역시 북구 성북로 25 (침산동, 침산초등학교)",41547,053-233-1005,053-356-2560
대구태암초등학교,북구,"대구광역시 북구 칠곡중앙대로52길 56 (태전동, 대구태암초등학교)",41466,053-233-3583,053-311-8076
대구태전초등학교,북구,"대구광역시 북구 칠곡중앙대로75길 16 (태전동, 대구태전초등학교)",41451,053-233-3001,053-324-3020
대구태현초등학교,북구,"대구광역시 북구 태전로 95 (태전동,대구태현초등학교)",41454,053-233-3283,053-311-0545
대구팔달초등학교,북구,"대구광역시 북구 매천로2길 19-6 (팔달동, 대구팔달초등학교)",41489,053-233-3565,053-312-0309
대구평리초등학교,서구,대구광역시 서구 국채보상로53길 6-5 (평리동),41775,053-233-1300,053-565-2504
대구학남초등학교,북구,"대구광역시 북구 학정동로 23 (국우동, 대구학남초등학교)",41420,053-233-3995,053-326-5810
대구학정초등학교,북구,"대구광역시 북구 학남로 32 , 학정초등학교 (학정동)",41417,053-233-4546,053-322-5590
대구함지초등학교,북구,"대구광역시 북구 동천로 33 , 대구함지초등학교 (동천동)",41430,053-233-4505,053-327-1066
북대구초등학교,북구,"대구광역시 북구 동북로37길 68 (산격동,북대구초등학교)",41517,053-233-2467,053-383-7757
서대구초등학교,서구,"대구광역시 서구 서대구로63길 28-13 , 서대구초등학교 (비산동)",41710,053-233-1650,053-356-3268
강북중학교,북구,"대구광역시 북구 구암서로 27 (구암동, 강북중학교)",41428,053-233-8071,053-327-0330
경운중학교,서구,"대구광역시 서구 서대구로3길 32 (내당동, 경운중학교)",41853,053-233-6000,053-562-6994
경일중학교,서구,"대구광역시 서구 달서천로76길 11 (원대동1가, 경일중학교)",41734,053-233-6100,053-356-1870
관음중학교,북구,"대구광역시 북구 관음동로 87 , 관음중학교 (관음동)",41444,053-233-7151,053-321-5221
관천중학교,북구,대구광역시 북구 구암로22길 7 (태전동),41460,053-233-6771,053-321-6749
구암중학교,북구,"대구광역시 북구 태암로 85 (구암동, 구암중학교)",41464,053-233-7288,053-322-5424
대구북중학교,북구,"대구광역시 북구 공항로 50 (복현동, 대구북중학교)",41527,053-233-6330,053-952-2614
대구일중학교,북구,"대구광역시 북구 옥산로17길 21 (침산동,대구일중학교)",41590,053-233-7500,053-233-7483
대구체육중학교,북구,대구광역시 북구 칠곡중앙대로136길 29 (동호동),41404,053-233-8700,053-314-8115
대평중학교,서구,"대구광역시 서구 통학로 217 (평리동, 대평중학교)",41739,053-233-7903,053-563-2306
동변중학교,북구,대구광역시 북구 동변로14길 12 (동변동),41414,053-233-8000,053-953-2703
동평중학교,북구,"대구광역시 북구 대천로 123 , 동평중학교 (구암동)",41428,053-233-7400,053-325-3987
매천중학교,북구,"대구광역시 북구 매전로 56 (태전동, 매천중학교)",41471,053-233-8241,053-233-8250
복현중학교,북구,대구광역시 북구 동북로65길 28 (복현동),41528,053-233-6670,053-943-4845
사수중학교,북구,대구광역시 북구 내곡로 140 (사수동),41492,053-233-8770,053-323-9401
산격중학교,북구,"대구광역시 북구 동북로31길 29 (산격동, 산격중학교)",41519,053-233-7100,053-383-7110
서남중학교,서구,대구광역시 서구 당산로41서길 97 (중리동),41846,053-233-7805,053-555-1403
서대구중학교,서구,"대구광역시 서구 북비산로45길 7 (평리동, 서대구중학교)",41737,053-233-7872,053-552-6020
서변중학교,북구,"대구광역시 북구 서변로21길 14 (서변동,서변중학교)",41474,053-233-8171,053-951-4045
운암중학교,북구,대구광역시 북구 구암로49길 9 (구암동),41432,053-233-6983,053-321-0974
중리중학교,서구,대구광역시 서구 국채보상로34길 63 (중리동),41839,053-233-6250,053-556-1364
칠곡중학교,북구,"대구광역시 북구 칠곡중앙대로 583 , 칠곡중학교 (읍내동)",41403,053-233-6480,053-322-8313
침산중학교,북구,대구광역시 북구 침산남로 121 (침산동),41559,053-233-6600,053-359-1671
팔달중학교,북구,"대구광역시 북구 매천로2길 19-22 (팔달동, 팔달중학교)",41489,053-233-6910,053-312-2890
평리중학교,서구,"대구광역시 서구 국채보상로55길 21 (평리동, 평리중학교)",41775,053-233-6170,053-521-3409
학남중학교,북구,"대구광역시 북구 학남로 83 (국우동, 대구학남중학교)",41419,053-233-7710,053-326-8120
경명여자중학교,북구,"대구광역시 북구 칠성로17길 18 (칠성동2가, 경명여자중고등학교)",41578,053-233-8453,053-426-0191
대구청라중학교,서구,"대구광역시 서구 국채보상로 384 (비산동, 대구청라중)",41804,053-233-8510,053-571-2510
성광중학교,북구,"대구광역시 북구 검단로 150 , (복현동, 성광중학교) ",41521,053-233-8355,053-384-0510
성화중학교,북구,대구광역시 북구 복현로 140 (복현동),41522,053-233-8600,053-383-2473
대구고매초등학교,군위군,"대구광역시 군위군 효령면 용매로 970 (효령면,고매초등학교)",43137,054-380-4300,054-382-9768
대구군위초등학교,군위군,대구광역시 군위군 군위읍 동서5길 28 대구군위초등학교,43114,054-380-4333,054-382-8856
대구부계초등학교,군위군,대구광역시 군위군 부계면 치산효령로 1376 대구부계초등학교,43162,054-380-4400,054-383-6843
대구송원초등학교,군위군,"대구광역시 군위군 소보면 송백로 1394 (소보면,송원초등학교)",43102,054-380-4441,054-383-5410
대구우보초등학교,군위군,"대구광역시 군위군 우보면 이화길 95 (우보면, 우보초등학교)",43142,053-380-4471,054-382-6848
대구의흥초등학교,군위군,"대구광역시 군위군 의흥면 읍내길 67-17 (의흥면,의흥초등학교)",43149,054-380-4500,054-382-9936
대구의흥초등학교석산분교장,군위군,"대구광역시 군위군 삼국유사면 삼국유사로 1314 (삼국유사면,석산초등학교)",43153,054-383-0220,054-383-0220
대구효령초등학교,군위군,대구광역시 군위군 효령면 치산효령로 2386 효령초등학교,43129,054-380-4541,054-383-9272
군위중학교,군위군,대구광역시 군위군 군위읍 군청로 254-6 (군위중학교),43110,054-383-2682,054-382-6695
군위중학교우보분교장,군위군,"대구광역시 군위군 우보면 솔밭길 74 (우보면,우보중학교)",43145,054-382-6081,054-383-5675
부계중학교,군위군,"대구광역시 군위군 부계면 춘산1길 16 (부계면, 부계중학교)",43163,054-382-2847,054-383-9488
의흥중학교,군위군,"대구광역시 군위군 의흥면 읍내길 89-32 (의흥명,의흥중학교)",43149,054-380-4586,054-382-1856
효령중학교,군위군,"대구광역시 군위군 효령면 중리길 6-25 (효령면,효령중고등학교)",43130,054-380-4620,054-383-1361
