사업지역,소재지코드,소재지,정렬순서,법정동,등록자번호,등록일시,수정자번호,수정일시
대구선폐선부지개발사업(각산지구),1,동구 각산동,1,대구광역시 동구 각산동,20040176,2014-03-12 18:06,20040176,2014-03-12 18:13
대구선폐선부지개발사업(각산지구),2,동구 신서동,2,대구광역시 동구 신서동,20040176,2014-03-12 18:06,20040176,2014-03-12 18:14
대구선폐선부지개발사업(각산지구),3,동구 동호동,3,대구광역시 동구 동호동,20040176,2014-03-12 18:06,20040176,2014-03-12 18:14
국가과학산업단지,1,구지면 고봉리,1,대구광역시 달성군 구지면 고봉리,20040176,2012-03-22 10:21,20040176,2012-03-22 10:22
국가과학산업단지,2,구지면 예현리,2,대구광역시 달성군 구지면 예현리,20040176,2012-03-22 10:21,20040176,2012-03-22 10:22
국가과학산업단지,3,구지면 응암리,3,대구광역시 달성군 구지면 응암리,20040176,2012-03-22 10:22,20040176,2012-03-22 10:22
국가과학산업단지,4,구지면 창리,4,대구광역시 달성군 구지면 창리,20040176,2012-03-22 10:22,20040176,2012-03-22 10:22
국가과학산업단지,5,현풍면 대리,5,대구광역시 달성군 현풍면 대리,20040176,2012-03-22 10:22,20040176,2012-03-22 10:22
금호워터폴리스산업단지 개발사업,1,대구광역시 북구 검단동,1,대구광역시 북구 검단동,20170257,2017-09-12 12:56,20170257,2017-09-12 12:56
다가구매입임대사업(2005년),1,남구 이천동,1,대구광역시 남구 이천동,admin,2005-11-07 16:18,admin,2007-10-02 22:12
다가구매입임대사업(2005년),2,남구 대명동,2,대구광역시 남구 대명동,admin,2005-11-07 16:18,admin,2007-10-02 22:12
다가구매입임대사업(2005년),3,서구 내당동,3,대구광역시 서구 내당동,admin,2005-11-07 16:18,admin,2007-10-02 22:12
다가구매입임대사업(2005년),4,서구 평리동,4,대구광역시 서구 평리동,admin,2005-11-07 16:18,admin,2007-10-02 22:12
다가구매입임대사업(2005년),5,북구 복현동,5,대구광역시 북구 복현동,admin,2005-11-07 16:18,admin,2007-10-02 22:12
다가구매입임대사업(2005년),6,북구 읍내동,6,대구광역시 북구 읍내동,admin,2005-12-02 13:18,admin,2007-10-02 22:12
다가구매입임대사업(2005년),7,달서구 상인동,7,대구광역시 달서구 상인동,admin,2005-12-02 13:18,admin,2007-10-02 22:12
다가구매입임대사업(2005년),8,달서구 감삼동,8,대구광역시 달서구 감삼동,admin,2005-12-02 13:18,admin,2007-10-02 22:12
다가구매입임대사업(2005년),9,수성구 황금동,9,대구광역시 수성구 황금동,admin,2005-12-02 13:18,admin,2007-10-02 22:12
달성2차산업단지 개발사업,2,구지면 예현리,,대구광역시 달성군 구지면 예현리,admin,2007-09-14 9:02,admin,2007-10-02 22:12
달성2차산업단지 개발사업,1,구지면 내리,,대구광역시 달성군 구지면 내리,admin,2007-09-14 9:02,admin,2007-10-02 22:12
달성2차산업단지 개발사업,3,구지면 응암리,,대구광역시 달성군 구지면 응암리,admin,2007-09-14 9:02,admin,2007-10-02 22:12
달성2차산업단지 도로(소로2-구27호선)공사,1,달성군 구지면 내리,1,대구광역시 달성군 구지면 내리,admin,2005-11-09 9:09,admin,2007-10-02 22:12
달성2차산업단지하수도(낙동강방류)설치공사,1,달성군 구지면 내리,1,대구광역시 달성군 구지면 내리,admin,2005-11-09 9:09,admin,2007-10-02 22:12
대구경북과학기술원 학위과정부지 조성사업,3,현풍면 상리,,대구광역시 달성군 현풍면 상리,20070204,2010-06-03 10:35,자료이관,2016-09-02 19:46
대구경북과학기술원 학위과정부지 조성사업,2,현풍면 부리,,대구광역시 달성군 현풍면 부리,20070204,2010-06-03 10:35,자료이관,2016-09-02 19:46
대구경북과학기술원 학위과정부지 조성사업,1,유가면 쌍계리,,대구광역시 달성군 유가면 쌍계리,20070204,2010-06-03 10:35,자료이관,2016-09-02 19:46
4차순환도로 건설공사,2,다사읍 죽곡리,1,대구광역시 달성군 다사읍 죽곡리,admin,2006-11-03 9:45,admin,2007-10-02 22:12
4차순환선,1,달성군 다사읍 매곡리,1,대구광역시 달성군 다사읍 매곡리,admin,2005-12-26 11:50,admin,2007-10-02 22:12
대구선폐선부지개발사업(동촌지구),2,동구 검사동,,대구광역시 동구 검사동,19990164,2013-01-21 16:02,19990164,2013-01-21 16:07
대구선폐선부지개발사업(동촌지구),1,동구 입석동,,대구광역시 동구 입석동,19990164,2013-01-21 16:01,19990164,2013-01-21 16:07
광로2-1호선 확장공사(죽곡택지구간),1,다사읍 죽곡리,,대구광역시 달성군 다사읍 죽곡리,20070204,2008-04-17 9:44,자료이관,2016-09-02 19:46
삼덕3가지구 주거환경개선사업,1,중구 삼덕3가,,대구광역시 중구 삼덕동3가,20040171,2007-10-12 13:08,자료이관,2016-09-02 19:46
성서4차 산업단지(추가매입),1,달서구 월암동,1,대구광역시 달서구 월암동,admin,2005-05-18 15:06,admin,2007-10-02 22:12
성서4차 산업단지(추가매입),2,달서구 월성동,2,대구광역시 달서구 월성동,admin,2005-05-18 15:06,admin,2007-10-02 22:12
성서4차산업단지 잔여지매입,1,달서구 월암동,1,대구광역시 달서구 월암동,admin,2005-11-02 10:23,admin,2007-10-02 22:12
성서4차산업단지 잔여지매입,2,달서구 대천동,2,대구광역시 달서구 대천동,admin,2005-11-02 10:23,admin,2007-10-02 22:12
대구출판산업단지,1,달서구 장동,1,대구광역시 달서구 장동,20070204,2010-02-19 12:25,자료이관,2016-09-02 19:46
대구출판산업단지,2,달서구 장기동,2,대구광역시 달서구 장기동,20070204,2010-02-19 12:25,자료이관,2016-09-02 19:46
대구출판산업단지,3,달서구 월성동,3,대구광역시 달서구 월성동,20070204,2010-02-19 12:25,자료이관,2016-09-02 19:46
성서5차첨단산업단지개발사업,1,달성군 다사읍 세천리,1,대구광역시 달성군 다사읍 세천리,admin,2007-05-02 12:57,admin,2007-10-02 22:12
수성의료지구개발사업,3,수성구 대흥동,,대구광역시 수성구 대흥동,20040184,2013-11-28 11:17,자료이관,2016-09-02 19:46
수성의료지구개발사업,4,수성구 노변동,,대구광역시 수성구 노변동,20040184,2013-11-28 11:17,자료이관,2016-09-02 19:46
수성의료지구개발사업,2,수성구 시지동,,대구광역시 수성구 시지동,20040184,2013-11-28 11:16,자료이관,2016-09-02 19:46
수성의료지구개발사업,1,수성구 삼덕동,,대구광역시 수성구 삼덕동,20040184,2013-11-28 11:16,자료이관,2016-09-02 19:46
신암2-2지구 주거환경개선사업,1,대구 동구 신암동,,대구광역시 동구 신암동,admin,2007-01-23 11:07,admin,2007-10-02 22:12
신암2-3지구 주거환경 개선사업,1,신암동,1,대구광역시 동구 신암동,admin,2005-04-22 19:20,admin,2007-10-02 22:12
진입도로(중로2-45호선),1,신암동,1,대구광역시 동구 신암동,admin,2005-05-18 15:06,admin,2007-10-02 22:12
연결도로(소로1-104호선),1,신암동,1,대구광역시 동구 신암동,admin,2006-05-17 20:11,admin,2007-10-02 22:12
신천3-1지구주거환경개선사업,1,동구 신천동,1,대구광역시 동구 신천동,admin,2005-02-25 15:05,admin,2007-10-02 22:12
신천진입도로,2,동구 신천동,1,대구광역시 동구 신천동,admin,2005-03-29 10:31,admin,2007-10-02 22:12
안심뉴타운조성사업,2,동구 서호동,,대구광역시 동구 서호동,20150233,2016-05-04 9:31,20150233,2016-05-16 17:12
안심뉴타운조성사업,1,동구 각산동,,대구광역시 동구 각산동,20150233,2016-05-04 9:31,자료이관,2016-09-02 19:46
안심뉴타운조성사업,3,동구 신기동,,대구광역시 동구 신기동,20150233,2016-05-04 9:31,20150233,2016-05-16 17:12
안심뉴타운조성사업,5,동구 율하동,,대구광역시 동구 율하동,20150233,2016-05-04 9:32,20150233,2016-05-16 17:12
안심뉴타운조성사업,4,동구 율암동,,대구광역시 동구 율암동,20150233,2016-05-04 9:32,20150233,2016-05-16 17:12
죽곡2지구 택지개발사업,1,다사읍 죽곡리,,대구광역시 달성군 다사읍 죽곡리,admin,2005-01-28 9:23,admin,2007-10-02 22:12
죽곡지구 택지개발사업,1,달성군 다사읍 죽곡리,1,대구광역시 달성군 다사읍 죽곡리,admin,2005-12-26 11:18,admin,2007-10-02 22:12
죽곡지구 택지개발사업,2,달성군 다사읍 매곡리,1,대구광역시 달성군 다사읍 매곡리,admin,2005-12-26 11:18,admin,2007-10-02 22:12
ITS기반 지능형자동차 부품시험장 도시계획시설사업,1,구지면 수리리,1,대구광역시 달성군 구지면 수리리,20070204,2009-06-16 16:04,20070204,2009-06-17 18:38
ITS기반 지능형자동차 부품시험장 도시계획시설사업,2,구지면 화산리,2,대구광역시 달성군 구지면 화산리,20070204,2009-06-16 16:05,20070204,2009-06-17 18:38
ITS기반 지능형자동차 부품시험장 도시계획시설사업,3,구지면 창리,3,대구광역시 달성군 구지면 창리,20070204,2009-06-16 16:05,20070204,2009-06-17 18:38
엑스코 제2전시장 건립(대구전시컨벤션센터),1,대구광역시 북구 산격동,1,대구광역시 북구 산격동,19940154,2018-04-15 11:20,19940154,2018-04-15 11:20
대구대공원개발사업,1,대구광역시 수성구 삼덕동,1,대구광역시 수성구 삼덕동,20170257,2020-03-11 14:08,20170257,2020-03-11 14:08
복현지구주거환경개선사업,1,대구광역시 북구 복현동,1,대구광역시 북구 복현동,20050190,2021-02-02 17:11,20050190,2021-02-02 17:11
장기미집행공원 조성사업,1,대구광역시 달서구 성당동,1,대구광역시 달서구 성당동,20170257,2020-03-11 14:15,20170257,2020-03-11 14:15
장기미집행공원 조성사업,2,대구광역시 달서구 두류동,2,대구광역시 달서구 두류동,20170257,2020-03-11 14:16,20170257,2020-03-11 14:16
장기미집행공원 조성사업,3,대구광역시 달서구 월성동,3,대구광역시 달서구 월성동,20170257,2020-03-11 14:16,20170257,2020-03-11 14:16
장기미집행공원 조성사업,4,대구광역시 달서구 본동,4,대구광역시 달서구 본동,20170257,2020-03-11 14:16,20170257,2020-03-11 14:16
장기미집행공원 조성사업,5,대구광역시 남구 봉덕동,5,대구광역시 남구 봉덕동,20170257,2020-03-11 14:16,20170257,2020-03-11 14:16
장기미집행공원 조성사업,6,대구광역시 남구 대명동,6,대구광역시 남구 대명동,20170257,2020-03-11 14:16,20170257,2020-03-11 14:16
장기미집행공원 조성사업,7,대구광역시 달서구 송현동,7,대구광역시 달서구 송현동,20170257,2020-03-11 14:17,20170257,2020-03-11 14:17
장기미집행공원 조성사업,8,대구광역시 달성군 화원읍 천내리,8,대구광역시 달성군 화원읍 천내리,20170257,2020-03-11 14:17,20170257,2020-03-11 14:17
장기미집행공원 조성사업,9,대구광역시 달성군 화원읍 구라리,9,대구광역시 달성군 화원읍 구라리,20170257,2020-03-11 14:17,20170257,2020-03-11 14:17
장기미집행공원 조성사업,10,대구광역시 달서구 장기동,10,대구광역시 달서구 장기동,20170257,2020-03-11 14:18,20170257,2020-03-11 14:18
장기미집행공원 조성사업,11,대구광역시 달서구 장동,11,대구광역시 달서구 장동,20170257,2020-03-12 14:53,20170257,2020-03-12 14:53
장기미집행공원 조성사업,12,대구광역시 북구 산격동,12,대구광역시 북구 산격동,20170257,2020-03-12 14:54,20170257,2020-03-12 14:54
장기미집행공원 조성사업,13,대구광역시 동구 신암동,13,대구광역시 동구 신암동,20170257,2020-03-12 14:54,20170257,2020-03-12 14:54
장기미집행공원 조성사업,14,대구광역시 서구 중리동,14,대구광역시 서구 중리동,20170257,2020-03-12 14:54,20170257,2020-03-12 14:54
장기미집행공원 조성사업,15,대구광역시 동구 효목동,15,대구광역시 동구 효목동,20170257,2020-03-12 14:55,20170257,2020-03-12 14:55
장기미집행공원 조성사업,16,대구광역시 동구 불로동,16,대구광역시 동구 불로동,20170257,2020-03-12 14:55,20170257,2020-03-12 14:55
장기미집행공원 조성사업,17,대구광역시 동구 봉무동,17,대구광역시 동구 봉무동,20170257,2020-03-12 14:55,20170257,2020-03-12 14:55
장기미집행공원 조성사업,18,대구광역시 달성군 논공읍 남리,18,대구광역시 달성군 논공읍 남리,20170257,2020-03-12 14:56,20170257,2020-03-12 14:56
장기미집행공원 조성사업,19,대구광역시 달성군 논공읍 북리,19,대구광역시 달성군 논공읍 북리,20170257,2020-03-12 14:56,20170257,2020-03-12 14:56
장기미집행공원 조성사업,20,대구광역시 달성군 구지면 창리,20,대구광역시 달성군 구지면 창리,20170257,2020-03-12 14:56,20170257,2020-03-12 14:56
장기미집행공원 조성사업,21,대구광역시 달성군 현풍면 성하리,21,대구광역시 달성군 현풍면 성하리,20170257,2020-03-12 14:56,20170257,2020-03-12 14:56
장기미집행공원 조성사업,22,대구광역시 동구 도동,22,대구광역시 동구 도동,20170254,2020-08-07 9:50,20170254,2020-08-07 9:50
장기미집행공원 조성사업,23,대구광역시 북구 산격동(대불공원),23,대구광역시 북구 산격동(대불공원),20170254,2020-10-14 14:16,20170254,2020-10-14 14:16
장기미집행공원 조성사업,24,대구광역시 북구 산격동(연암공원),24,대구광역시 북구 산격동(연암공원),20170254,2020-10-14 14:16,20170254,2020-10-14 14:16
장기미집행공원 조성사업,25,대구광역시 달서구 송현동(송현공원),25,대구광역시 달서구 송현동(송현공원),20170254,2020-10-14 14:16,20170254,2020-10-14 14:16
장기미집행공원 조성사업,26,대구광역시 달서구 송현동(앞산공원),26,대구광역시 달서구 송현동(앞산공원),20170254,2020-10-14 14:16,20170254,2020-10-14 14:16
장기미집행공원 조성사업,27,대구광역시 달서구 장동(장동공원),27,대구광역시 달서구 장동(장동공원),20170254,2020-10-14 14:16,20170254,2020-10-14 14:16
장기미집행공원 조성사업,28,대구광역시 달서구 장동(장기공원),28,대구광역시 달서구 장동(장기공원),20170254,2020-10-14 14:16,20170254,2020-10-14 14:16
장기미집행공원 조성사업,29,대구광역시 달서구 송현동(학산공원),29,대구광역시 달서구 송현동(학산공원),20170254,2020-10-14 14:27,20170254,2020-10-14 14:27
장기미집행공원 조성사업,30,대구광역시 달서구 상인동,30,대구광역시 달서구 상인동,20170254,2021-01-11 15:17,20170254,2021-01-11 15:17
장기미집행공원 조성사업,31,대구광역시 달서구 장기동(장기추가),31,대구광역시 달서구 장기동(장기추가),20160239,2022-06-09 16:26,20160239,2022-06-09 16:26
장기미집행공원 조성사업,32,대구광역시 달서구 장동(장기기존),32,대구광역시 달서구 장동(장기기존),20160239,2022-06-09 16:26,20160239,2022-06-09 16:26
벌마마을 개발사업,1,대구광역시 북구 노원동3가,1,대구광역시 북구 노원동3가,20170258,2023-07-20 14:45,20170258,2023-07-20 14:45
제3산단 보상 수탁사업,1,대구광역시 북구 노원동3가,1,대구광역시 북구 노원동3가,20170258,2023-07-20 14:42,20170258,2023-07-20 14:42
